event_id,zone_code,zone_name,time_utc,lat,lon,depth_km,mag,mag_type,network,place
USGS_official20120411083836720_20,Z1,Sunda Megathrust - Sumatra Segment,2012-04-11 08:38:36.720,2.327,93.063,20.0,8.6,mw,USGS/OFFICIAL,2012 Wharton Basin Earthquake
USGS_usp000jhjb,Z1,Sunda Megathrust - Sumatra Segment,2012-04-11 10:43:10.850,0.802,92.463,25.1,8.2,mwc,USGS/US,2012 Wharton Basin Aftershock
USGS_us10004u1y,Z1,Sunda Megathrust - Sumatra Segment,2016-03-02 12:49:48.110,-4.9521,94.3299,24.0,7.8,mww,USGS/US,"southwest of Sumatra, Indonesia"
USGS_usp000jdar,Z1,Sunda Megathrust - Sumatra Segment,2012-01-10 18:36:59.080,2.433,93.21,19.0,7.2,mww,USGS/US,off the west coast of northern Sumatra
USGS_us7000jvl3,Z1,Sunda Megathrust - Sumatra Segment,2023-04-24 20:00:57.265,-0.8082,98.5112,34.0,7.1,mww,USGS/US,"171 km SSE of Teluk Dalam, Indonesia"
USGS_us6000bgvu,Z1,Sunda Megathrust - Sumatra Segment,2020-08-18 22:29:24.731,-4.2069,101.2411,26.0,6.9,mww,USGS/US,"122 km WSW of Bengkulu, Indonesia"
USGS_us7000iqpn,Z1,Sunda Megathrust - Sumatra Segment,2022-11-18 13:37:08.687,-4.9043,100.7862,25.0,6.9,mww,USGS/US,"204 km SW of Bengkulu, Indonesia"
USGS_us6000bgvl,Z1,Sunda Megathrust - Sumatra Segment,2020-08-18 22:23:59.497,-4.3217,101.1347,22.0,6.8,mww,USGS/US,"138 km WSW of Bengkulu, Indonesia"
USGS_us7000e2zt,Z1,Sunda Megathrust - Sumatra Segment,2021-05-14 06:33:07.879,0.1364,96.6442,11.0,6.7,mww,USGS/US,"260 km S of Sinabang, Indonesia"
USGS_us6000h48e,Z1,Sunda Megathrust - Sumatra Segment,2022-03-13 21:09:22.258,-0.6294,98.6259,28.0,6.7,mww,USGS/US,"166 km W of Pariaman, Indonesia"
USGS_us20005zt1,Z1,Sunda Megathrust - Sumatra Segment,2016-06-01 22:56:00.800,-2.0967,100.6654,50.0,6.6,mww,USGS/US,"80 km W of Sungai Penuh, Indonesia"
USGS_usp000jpe1,Z1,Sunda Megathrust - Sumatra Segment,2012-07-25 00:27:45.260,2.707,96.045,22.0,6.4,mww,USGS/US,"44 km NW of Sinabang, Indonesia"
USGS_us2000a7q2,Z1,Sunda Megathrust - Sumatra Segment,2017-08-13 03:08:10.560,-3.7682,101.6228,31.0,6.4,mww,USGS/US,"71 km W of Bengkulu, Indonesia"
USGS_us7000re2g,Z1,Sunda Megathrust - Sumatra Segment,2025-11-27 04:56:24.368,2.7191,95.9543,17.0,6.4,mww,USGS/US,"54 km WNW of Sinabang, Indonesia"
USGS_us2000adjh,Z1,Sunda Megathrust - Sumatra Segment,2017-08-31 17:06:55.750,-1.159,99.6881,43.14,6.3,mww,USGS/US,"76 km SW of Pariaman, Indonesia"
USGS_us70006vkq,Z1,Sunda Megathrust - Sumatra Segment,2020-01-07 06:05:19.759,2.3481,96.3575,17.0,6.3,mww,USGS/US,"14 km S of Sinabang, Indonesia"
USGS_us6000dg70,Z1,Sunda Megathrust - Sumatra Segment,2021-02-10 12:52:27.224,-5.6856,101.6495,10.0,6.3,mww,USGS/US,"219 km SSW of Bengkulu, Indonesia"
TMD_TM0017,Z1,Sunda Megathrust - Sumatra Segment,2007-11-10 23:20:00.000,-3.0,100.7,0.0,6.2,ML(TMD),TMD,ตอนใต้เกาะสุมาตรา
USGS_usp000jsa4,Z1,Sunda Megathrust - Sumatra Segment,2012-09-14 04:51:47.070,-3.319,100.594,19.0,6.2,mww,USGS/US,"165 km SSW of Sungai Penuh, Indonesia"
USGS_us7000i38s,Z1,Sunda Megathrust - Sumatra Segment,2022-08-29 03:29:13.691,-0.988,98.6046,17.0,6.2,mww,USGS/US,"173 km WSW of Pariaman, Indonesia"
USGS_us7000iaka,Z1,Sunda Megathrust - Sumatra Segment,2022-09-23 20:52:58.398,3.8109,96.0514,42.181,6.2,mww,USGS/US,"37 km SSW of Meulaboh, Indonesia"
USGS_us7000s1ln,Z1,Sunda Megathrust - Sumatra Segment,2026-03-03 04:56:45.857,2.0076,96.695,18.0,6.2,mww,USGS/US,"62 km SE of Sinabang, Indonesia"
USGS_usc000tumx,Z1,Sunda Megathrust - Sumatra Segment,2015-03-03 10:37:30.050,-0.7789,98.7161,28.0,6.1,mww,USGS/US,"157 km W of Pariaman, Indonesia"
USGS_us6000e30x,Z1,Sunda Megathrust - Sumatra Segment,2021-04-19 23:58:22.503,0.1831,96.5601,9.0,6.1,mww,USGS/US,"254 km S of Sinabang, Indonesia"
TMD_TM1317,Z1,Sunda Megathrust - Sumatra Segment,2012-04-11 09:27:57.000,1.281,91.731,0.0,6.0,ML(TMD),TMD,ตอนเหนือมหาสมุทรอินเดีย
USGS_usb000i7na,Z1,Sunda Megathrust - Sumatra Segment,2013-07-06 05:05:06.650,-3.269,100.564,21.0,6.0,mww,USGS/US,"162 km SW of Sungai Penuh, Indonesia"
USGS_usb000l8pb,Z1,Sunda Megathrust - Sumatra Segment,2013-12-01 06:29:57.800,2.044,96.8261,20.0,6.0,mww,USGS/US,"69 km SE of Sinabang, Indonesia"
USGS_usb000qt4l,Z1,Sunda Megathrust - Sumatra Segment,2014-05-18 01:02:32.610,4.2485,92.7574,35.0,6.0,mww,USGS/US,off the west coast of northern Sumatra
USGS_usc000rqs7,Z1,Sunda Megathrust - Sumatra Segment,2014-07-05 09:39:27.790,1.9335,96.9388,20.0,6.0,mww,USGS/US,"86 km SE of Sinabang, Indonesia"
USGS_us100088sf,Z1,Sunda Megathrust - Sumatra Segment,2017-03-14 02:51:16.770,6.1457,92.3044,10.0,6.0,mww,USGS/US,"Nicobar Islands, India region"
USGS_us2000jcbz,Z1,Sunda Megathrust - Sumatra Segment,2019-02-02 09:27:36.030,-2.8462,100.0743,20.0,6.0,mww,USGS/US,"170 km WSW of Sungai Penuh, Indonesia"
USGS_us7000cfxq,Z1,Sunda Megathrust - Sumatra Segment,2020-11-17 01:44:11.421,-2.6706,99.3227,19.0,6.0,mww,USGS/US,"222 km SSW of Padang, Indonesia"
USGS_us7000fqjc,Z1,Sunda Megathrust - Sumatra Segment,2021-11-01 17:04:16.557,0.2081,96.709,8.0,6.0,mww,USGS/US,"253 km S of Sinabang, Indonesia"
USGS_us6000iisb,Z1,Sunda Megathrust - Sumatra Segment,2022-09-10 23:10:43.721,-1.149,98.654,20.0,6.0,mww,USGS/US,"173 km WSW of Pariaman, Indonesia"
USGS_usp000jjag,Z1,Sunda Megathrust - Sumatra Segment,2012-04-20 22:28:59.180,3.269,93.821,21.9,5.9,mwc,USGS/US,off the west coast of northern Sumatra
USGS_usc000t7kd,Z1,Sunda Megathrust - Sumatra Segment,2014-12-17 06:10:05.700,-3.8295,100.1432,10.0,5.9,mww,USGS/US,"235 km W of Bengkulu, Indonesia"
USGS_us1000epfe,Z1,Sunda Megathrust - Sumatra Segment,2018-06-12 23:08:28.310,-2.0196,98.5876,9.0,5.9,mww,USGS/US,"229 km WSW of Padang, Indonesia"
USGS_us2000jccs,Z1,Sunda Megathrust - Sumatra Segment,2019-02-02 10:59:30.340,-2.8764,100.1326,18.0,5.9,mww,USGS/US,"166 km WSW of Sungai Penuh, Indonesia"
USGS_us70005u76,Z1,Sunda Megathrust - Sumatra Segment,2019-10-14 22:23:54.247,-4.482,101.1948,19.0,5.9,mww,USGS/US,"140 km WSW of Bengkulu, Indonesia"
USGS_usp000jjak,Z1,Sunda Megathrust - Sumatra Segment,2012-04-20 23:14:31.370,2.158,93.36,28.0,5.8,mww,USGS/US,off the west coast of northern Sumatra
USGS_us1000hy0k,Z1,Sunda Megathrust - Sumatra Segment,2018-11-29 20:21:44.660,0.2267,96.9976,9.87,5.8,mww,USGS/US,"244 km SSW of Singkil, Indonesia"
USGS_us2000jcdi,Z1,Sunda Megathrust - Sumatra Segment,2019-02-02 11:01:38.730,-2.7308,100.3019,10.0,5.8,mb,USGS/US,"142 km WSW of Sungai Penuh, Indonesia"
USGS_us70003um7,Z1,Sunda Megathrust - Sumatra Segment,2019-06-03 05:57:09.503,0.378,97.7223,19.0,5.8,mww,USGS/US,"191 km SW of Sibolga, Indonesia"
USGS_us6000f1nr,Z1,Sunda Megathrust - Sumatra Segment,2021-08-02 22:48:50.780,-3.2114,100.1976,20.0,5.8,mww,USGS/US,"184 km SW of Sungai Penuh, Indonesia"
USGS_us6000hljt,Z1,Sunda Megathrust - Sumatra Segment,2022-05-16 18:58:25.037,-5.2399,102.0088,23.0,5.8,mww,USGS/US,"161 km S of Bengkulu, Indonesia"
USGS_us6000k6eh,Z1,Sunda Megathrust - Sumatra Segment,2023-04-22 17:09:44.703,-0.7618,98.5942,21.0,5.8,mww,USGS/US,"170 km W of Pariaman, Indonesia"
USGS_us6000q4lv,Z1,Sunda Megathrust - Sumatra Segment,2025-04-07 19:49:20.552,2.0388,96.7622,18.0,5.8,mww,USGS/US,"64 km SE of Sinabang, Indonesia"
USGS_us6000r3bg,Z1,Sunda Megathrust - Sumatra Segment,2025-08-23 12:24:53.914,2.0106,96.5997,18.0,5.8,mww,USGS/US,"57 km SSE of Sinabang, Indonesia"
TMD_TM0024,Z1,Sunda Megathrust - Sumatra Segment,2007-11-29 00:06:00.000,-3.04,100.5,0.0,5.7,ML(TMD),TMD,ตอนใต้ของเกาะสุมาตรา
USGS_usp000jjae,Z1,Sunda Megathrust - Sumatra Segment,2012-04-20 22:19:46.810,3.256,93.853,24.6,5.7,mww,USGS/US,"270 km WSW of Meulaboh, Indonesia"
USGS_usp000jjs1,Z1,Sunda Megathrust - Sumatra Segment,2012-04-29 08:09:04.340,2.704,94.509,14.1,5.7,mww,USGS/US,"209 km W of Sinabang, Indonesia"
USGS_usp000jtfv,Z1,Sunda Megathrust - Sumatra Segment,2012-10-03 13:32:34.940,-0.429,97.672,9.0,5.7,mwb,USGS/US,"267 km SW of Padangsidempuan, Indonesia"
USGS_usp000jy6c,Z1,Sunda Megathrust - Sumatra Segment,2013-01-10 13:47:03.780,4.72,95.095,38.0,5.7,mww,USGS/US,"94 km SSW of Banda Aceh, Indonesia"
USGS_usc000p2la,Z1,Sunda Megathrust - Sumatra Segment,2014-04-03 09:30:24.930,-5.2416,102.2802,44.12,5.7,mwb,USGS/US,"159 km S of Bengkulu, Indonesia"
USGS_usb000tii2,Z1,Sunda Megathrust - Sumatra Segment,2015-01-27 00:53:19.120,1.3368,97.2402,12.58,5.7,mww,USGS/US,"121 km SSW of Singkil, Indonesia"
USGS_us200027rc,Z1,Sunda Megathrust - Sumatra Segment,2015-04-20 09:05:34.120,-5.6841,102.4776,27.0,5.7,mwb,USGS/US,"202 km SSW of Pagar Alam, Indonesia"
USGS_us20002dp5,Z1,Sunda Megathrust - Sumatra Segment,2015-05-08 03:12:21.520,1.5404,97.9026,36.0,5.7,mww,USGS/US,"83 km S of Singkil, Indonesia"
USGS_us20005gqv,Z1,Sunda Megathrust - Sumatra Segment,2016-04-10 02:14:34.590,-4.1489,102.211,41.0,5.7,mww,USGS/US,"39 km S of Bengkulu, Indonesia"
USGS_us60008d51,Z1,Sunda Megathrust - Sumatra Segment,2020-03-10 14:06:26.665,-5.837,103.0187,26.18,5.7,mww,USGS/US,"201 km S of Pagar Alam, Indonesia"
USGS_us7000e07p,Z1,Sunda Megathrust - Sumatra Segment,2021-05-05 01:24:36.225,-1.9554,99.7862,30.0,5.7,mww,USGS/US,"127 km SSW of Padang, Indonesia"
USGS_us7000i37c,Z1,Sunda Megathrust - Sumatra Segment,2022-08-28 22:34:37.140,-1.0173,98.6652,43.0,5.7,mww,USGS/US,"Kepulauan Mentawai region, Indonesia"
USGS_us6000iisl,Z1,Sunda Megathrust - Sumatra Segment,2022-09-10 23:24:00.499,-1.2041,98.618,10.0,5.7,mb,USGS/US,"179 km WSW of Pariaman, Indonesia"
USGS_us6000k6fs,Z1,Sunda Megathrust - Sumatra Segment,2023-04-22 21:17:47.741,-0.9402,98.4892,20.0,5.7,mww,USGS/US,"171 km NW of Tuapejat, Indonesia"
USGS_us6000m0j8,Z1,Sunda Megathrust - Sumatra Segment,2023-12-30 05:19:28.158,2.4949,92.9942,19.0,5.7,mww,USGS/US,off the west coast of northern Sumatra
USGS_us6000n1gi,Z1,Sunda Megathrust - Sumatra Segment,2024-05-28 11:52:40.252,2.8091,95.6066,21.0,5.7,mww,USGS/US,"93 km WNW of Sinabang, Indonesia"
USGS_us6000sr5z,Z1,Sunda Megathrust - Sumatra Segment,2026-04-18 20:06:50.008,1.1159,96.9827,18.0,5.7,mww,USGS/US,"72 km WSW of Gunungsitoli, Indonesia"
USGS_usp000jjmy,Z1,Sunda Megathrust - Sumatra Segment,2012-04-26 19:21:42.610,2.696,94.459,7.9,5.6,mwb,USGS/US,"214 km W of Sinabang, Indonesia"
USGS_usc000gwpr,Z1,Sunda Megathrust - Sumatra Segment,2013-05-14 19:18:16.630,0.765,92.399,17.0,5.6,mww,USGS/US,off the west coast of northern Sumatra
USGS_usb000ia6p,Z1,Sunda Megathrust - Sumatra Segment,2013-07-09 17:04:15.390,-3.359,100.458,17.5,5.6,mwb,USGS/US,"177 km SW of Sungai Penuh, Indonesia"
USGS_usb000kccu,Z1,Sunda Megathrust - Sumatra Segment,2013-10-13 17:32:45.610,3.9633,95.8634,46.0,5.6,mwb,USGS/US,"35 km SW of Meulaboh, Indonesia"
USGS_us10004u8f,Z1,Sunda Megathrust - Sumatra Segment,2016-03-03 00:10:50.390,-4.794,94.4101,10.0,5.6,mww,USGS/US,"southwest of Sumatra, Indonesia"
USGS_us10006gf0,Z1,Sunda Megathrust - Sumatra Segment,2016-08-24 13:48:45.570,-2.9097,100.1775,19.0,5.6,mww,USGS/US,"164 km SW of Sungai Penuh, Indonesia"
USGS_us1000epg0,Z1,Sunda Megathrust - Sumatra Segment,2018-06-12 23:46:11.940,-1.9469,98.6868,10.0,5.6,mb,USGS/US,"215 km WSW of Padang, Indonesia"
USGS_us2000jda7,Z1,Sunda Megathrust - Sumatra Segment,2019-02-04 19:29:54.350,-0.4203,98.0357,19.0,5.6,mww,USGS/US,"233 km W of Pariaman, Indonesia"
USGS_us60006s6p,Z1,Sunda Megathrust - Sumatra Segment,2019-12-16 14:49:16.108,-2.9702,100.9448,40.28,5.6,mww,USGS/US,"112 km SSW of Sungai Penuh, Indonesia"
USGS_us6000c9ci,Z1,Sunda Megathrust - Sumatra Segment,2020-10-19 07:31:30.626,-3.3684,100.2706,20.0,5.6,mww,USGS/US,"191 km SW of Sungai Penuh, Indonesia"
USGS_us7000dfw2,Z1,Sunda Megathrust - Sumatra Segment,2021-03-05 07:32:55.148,-1.7567,99.2329,25.0,5.6,mww,USGS/US,"153 km SW of Padang, Indonesia"
USGS_us6000e1g3,Z1,Sunda Megathrust - Sumatra Segment,2021-04-14 10:55:14.687,0.1975,96.6432,8.99,5.6,mww,USGS/US,"254 km S of Sinabang, Indonesia"
USGS_us6000h49u,Z1,Sunda Megathrust - Sumatra Segment,2022-03-13 21:38:43.829,-0.6087,98.5291,29.19,5.6,mww,USGS/US,"177 km W of Pariaman, Indonesia"
USGS_us6000tlkt,Z1,Sunda Megathrust - Sumatra Segment,2026-08-18 06:02:20.555,-0.5829,98.4357,10.0,5.6,mww,USGS/US,"145 km SSE of Teluk Dalam, Indonesia"
USGS_usp000jhbb,Z1,Sunda Megathrust - Sumatra Segment,2012-04-06 19:24:13.940,-3.345,100.426,13.6,5.5,mwb,USGS/US,"178 km SW of Sungai Penuh, Indonesia"
USGS_usb000l4ju,Z1,Sunda Megathrust - Sumatra Segment,2013-11-22 17:20:58.340,5.4216,92.8184,15.61,5.5,mww,USGS/US,"279 km W of Banda Aceh, Indonesia"
USGS_usb000qteu,Z1,Sunda Megathrust - Sumatra Segment,2014-05-18 10:59:21.500,3.1506,93.8608,4.78,5.5,mwb,USGS/US,"274 km WSW of Meulaboh, Indonesia"
USGS_usc000sv89,Z1,Sunda Megathrust - Sumatra Segment,2014-11-07 00:20:47.170,4.78,95.0654,39.0,5.5,mww,USGS/US,"89 km SSW of Banda Aceh, Indonesia"
TMD_TM3636,Z1,Sunda Megathrust - Sumatra Segment,2015-11-09 06:12:06.000,6.04,94.25,21.0,5.5,ML(TMD),TMD,หมู่เกาะนิโคบาร์ ประเทศอินเดีย
USGS_us20006h25,Z1,Sunda Megathrust - Sumatra Segment,2016-07-23 07:41:44.700,-6.7596,101.2175,9.0,5.5,mww,USGS/US,"southwest of Sumatra, Indonesia"
USGS_us10006jg1,Z1,Sunda Megathrust - Sumatra Segment,2016-09-01 20:04:17.480,0.5533,98.6145,35.0,5.5,mww,USGS/US,"117 km SW of Padangsidempuan, Indonesia"
USGS_us10007sv2,Z1,Sunda Megathrust - Sumatra Segment,2017-01-12 13:29:06.300,-5.2669,102.7235,22.95,5.5,mb,USGS/US,"southern Sumatra, Indonesia"
USGS_us100087gx,Z1,Sunda Megathrust - Sumatra Segment,2017-03-07 15:45:39.560,-6.2615,102.1873,10.0,5.5,mww,USGS/US,"272 km S of Bengkulu, Indonesia"
USGS_us1000epp2,Z1,Sunda Megathrust - Sumatra Segment,2018-06-13 06:59:02.670,-1.9309,98.6411,19.0,5.5,mww,USGS/US,"219 km WSW of Padang, Indonesia"
USGS_us6000biub,Z1,Sunda Megathrust - Sumatra Segment,2020-08-22 00:39:35.576,-4.0808,100.9938,21.0,5.5,mww,USGS/US,"144 km WSW of Bengkulu, Indonesia"
USGS_us6000c9cs,Z1,Sunda Megathrust - Sumatra Segment,2020-10-19 07:47:21.835,-3.3848,100.3604,17.03,5.5,mww,USGS/US,"186 km SW of Sungai Penuh, Indonesia"
USGS_us7000dziv,Z1,Sunda Megathrust - Sumatra Segment,2021-05-02 17:46:41.047,-2.3244,99.79,21.0,5.5,mww,USGS/US,"Kepulauan Mentawai region, Indonesia"
USGS_us6000h2an,Z1,Sunda Megathrust - Sumatra Segment,2022-03-05 12:02:41.150,4.6517,95.0249,42.0,5.5,mww,USGS/US,"northern Sumatra, Indonesia"
USGS_us7000iq2d,Z1,Sunda Megathrust - Sumatra Segment,2022-11-16 06:01:32.035,-4.7623,100.7623,10.0,5.5,mww,USGS/US,"197 km WSW of Bengkulu, Indonesia"
USGS_us7000k9ti,Z1,Sunda Megathrust - Sumatra Segment,2023-06-20 08:39:17.895,-0.9713,98.6027,19.993,5.5,mww,USGS/US,"160 km NW of Tuapejat, Indonesia"
USGS_us6000lb60,Z1,Sunda Megathrust - Sumatra Segment,2023-09-27 17:47:21.596,0.8622,93.1129,10.0,5.5,mww,USGS/US,off the west coast of northern Sumatra
USGS_us7000mqdw,Z1,Sunda Megathrust - Sumatra Segment,2024-06-05 02:20:27.145,-3.6756,100.6221,19.0,5.5,mww,USGS/US,"183 km W of Bengkulu, Indonesia"
USGS_us6000tkyk,Z2,Great Sumatran Fault Zone,2026-08-15 10:54:51.798,2.9863,98.9853,175.0,6.9,mww,USGS/US,"9 km WNW of Pematangsiantar, Indonesia"
USGS_us7000gbu4,Z2,Great Sumatran Fault Zone,2022-01-14 09:05:41.461,-6.86,105.2887,33.0,6.6,mww,USGS/US,"80 km SW of Labuan, Indonesia"
USGS_us10007ghm,Z2,Great Sumatran Fault Zone,2016-12-06 22:03:33.390,5.2834,96.1678,13.0,6.5,mww,USGS/US,"14 km WNW of Reuleuet, Indonesia"
USGS_us6000id0t,Z2,Great Sumatran Fault Zone,2022-08-23 14:31:39.374,-5.0926,103.079,45.258,6.2,mww,USGS/US,"119 km S of Pagar Alam, Indonesia"
USGS_usp000jn41,Z2,Great Sumatran Fault Zone,2012-06-23 04:34:53.180,3.009,97.896,95.0,6.1,mww,USGS/US,"66 km W of Kabanjahe, Indonesia"
USGS_usb000esgn,Z2,Great Sumatran Fault Zone,2013-01-21 22:22:52.760,4.927,95.907,12.0,6.1,mww,USGS/US,"50 km S of Sigli, Indonesia"
USGS_usb000i4re,Z2,Great Sumatran Fault Zone,2013-07-02 07:37:02.610,4.645,96.665,13.0,6.1,mww,USGS/US,"61 km S of Bireun, Indonesia"
USGS_us6000gzyg,Z2,Great Sumatran Fault Zone,2022-02-25 01:39:26.554,0.219,100.1006,4.0,6.1,mww,USGS/US,"65 km NNW of Bukittinggi, Indonesia"
USGS_us7000j4kr,Z2,Great Sumatran Fault Zone,2023-01-15 22:29:58.940,1.9837,97.9979,37.0,6.1,mww,USGS/US,"40 km SE of Singkil, Indonesia"
USGS_us6000k1qa,Z2,Great Sumatran Fault Zone,2023-04-03 14:59:41.845,0.8388,98.835,84.0,6.1,mww,USGS/US,"77 km SW of Padangsidempuan, Indonesia"
USGS_us100029k5,Z2,Great Sumatran Fault Zone,2015-05-15 20:26:56.870,-2.542,102.2191,151.0,6.0,mww,USGS/US,"106 km ESE of Sungai Penuh, Indonesia"
USGS_usb000q6ba,Z2,Great Sumatran Fault Zone,2014-05-01 14:35:37.060,1.9623,97.9671,37.0,5.9,mww,USGS/US,"41 km SSE of Singkil, Indonesia"
USGS_us6000ipri,Z2,Great Sumatran Fault Zone,2022-09-30 19:28:40.152,2.1277,98.9004,18.363,5.9,mww,USGS/US,"41 km NNE of Sibolga, Indonesia"
USGS_usp000jhz5,Z2,Great Sumatran Fault Zone,2012-04-14 19:26:43.250,-6.81,105.457,62.7,5.8,mww,USGS/US,"63 km SW of Labuan, Indonesia"
TMD_TM0034,Z2,Great Sumatran Fault Zone,2007-12-28 05:24:00.000,5.42,95.91,0.0,5.7,ML(TMD),TMD,เกาะสุมาตราตอนเหนือ ประเทศอินโดนีเ
USGS_us10003vph,Z2,Great Sumatran Fault Zone,2015-11-08 09:34:57.310,0.7863,98.8905,69.0,5.7,mww,USGS/US,"78 km SSW of Padangsidempuan, Indonesia"
USGS_us10005cxc,Z2,Great Sumatran Fault Zone,2016-05-02 04:21:24.710,-5.0262,104.6271,117.0,5.7,mww,USGS/US,"35 km SW of Kotabumi, Indonesia"
USGS_us2000iz50,Z2,Great Sumatran Fault Zone,2018-12-30 08:39:12.450,-2.677,102.349,166.0,5.7,mww,USGS/US,"88 km NW of Lubuklinggau, Indonesia"
TMD_TM10103,Z2,Great Sumatran Fault Zone,2022-09-30 19:28:47.000,2.651,98.923,10.0,5.7,ML(TMD),TMD,ตอนเหนือของหมู่เกาะสุมาตรา ประเทศอินโดนีเซีย
USGS_us7000pa9d,Z2,Great Sumatran Fault Zone,2025-01-31 11:03:41.859,3.2918,97.1235,53.0,5.7,mww,USGS/US,"58 km SSE of Blangpidie, Indonesia"
USGS_us7000pyjn,Z2,Great Sumatran Fault Zone,2025-05-11 08:57:43.494,3.7925,97.0065,85.754,5.7,mww,USGS/US,"19 km ENE of Blangpidie, Indonesia"
USGS_us7000q0w7,Z2,Great Sumatran Fault Zone,2025-05-22 19:52:36.892,-3.9908,102.2539,47.0,5.7,mww,USGS/US,"21 km S of Bengkulu, Indonesia"
USGS_us10007tii,Z2,Great Sumatran Fault Zone,2017-01-16 12:42:10.680,3.3168,98.4696,6.0,5.6,mww,USGS/US,"14 km NNW of Berastagi, Indonesia"
USGS_usp000jmnp,Z2,Great Sumatran Fault Zone,2012-06-12 05:59:38.690,-5.677,105.494,163.9,5.5,mb,USGS/US,"37 km SE of Bandar Lampung, Indonesia"
USGS_usb000i4td,Z2,Great Sumatran Fault Zone,2013-07-02 13:55:37.600,4.664,96.65,10.0,5.5,mwb,USGS/US,"59 km S of Bireun, Indonesia"
USGS_us10003vxc,Z2,Great Sumatran Fault Zone,2015-11-09 08:12:46.020,6.4078,94.8019,10.0,5.5,mww,USGS/US,"80 km NW of Sabang, Indonesia"
USGS_us10006qbk,Z2,Great Sumatran Fault Zone,2016-09-17 02:30:56.820,-4.4346,102.7537,59.05,5.5,mb,USGS/US,"71 km SW of Pagar Alam, Indonesia"
USGS_us6000d672,Z2,Great Sumatran Fault Zone,2021-01-06 17:28:35.120,-4.3366,102.6881,58.04,5.5,mww,USGS/US,"70 km WSW of Pagar Alam, Indonesia"
USGS_us6000k4pf,Z2,Great Sumatran Fault Zone,2023-04-15 15:07:07.600,-4.8305,102.9546,62.192,5.5,mww,USGS/US,"94 km SSW of Pagar Alam, Indonesia"
USGS_us7000qavc,Z2,Great Sumatran Fault Zone,2025-07-05 19:42:20.755,6.2844,95.0881,10.0,5.5,mww,USGS/US,"50 km NNW of Sabang, Indonesia"
USGS_us6000tkt2,Z3,Sunda Megathrust - Java to Nusa Tenggara,2026-08-14 21:58:21.505,-8.3514,121.3478,10.0,7.8,mww,USGS/US,"64 km NNW of Ende, Indonesia"
USGS_us6000gc2a,Z3,Sunda Megathrust - Java to Nusa Tenggara,2021-12-14 03:20:23.809,-7.6033,122.2274,14.27,7.3,mww,USGS/US,Flores Sea
USGS_us7000krjx,Z3,Sunda Megathrust - Java to Nusa Tenggara,2023-08-28 19:55:30.875,-6.7888,116.5211,500.0,7.1,mww,USGS/US,"180 km NNE of Gili Air, Indonesia"
USGS_usc000ttkd,Z3,Sunda Megathrust - Java to Nusa Tenggara,2015-02-27 13:45:05.370,-7.2968,122.5348,552.06,7.0,mww,USGS/US,"150 km NNE of Maumere, Indonesia"
USGS_us6000k49j,Z3,Sunda Megathrust - Java to Nusa Tenggara,2023-04-14 09:55:45.220,-6.0413,112.0478,597.0,7.0,mww,USGS/US,"Java, Indonesia"
USGS_us1000g3ub,Z3,Sunda Megathrust - Java to Nusa Tenggara,2018-08-05 11:46:38.630,-8.2581,116.4375,34.0,6.9,mww,USGS/US,"36 km NW of Labuan Lombok, Indonesia"
USGS_us1000gda5,Z3,Sunda Megathrust - Java to Nusa Tenggara,2018-08-19 14:56:27.490,-8.319,116.6272,21.0,6.9,mww,USGS/US,"20 km NNW of Labuan Lombok, Indonesia"
USGS_us6000bi4p,Z3,Sunda Megathrust - Java to Nusa Tenggara,2020-08-21 04:09:51.930,-6.71,123.4649,624.0,6.9,mww,USGS/US,"222 km SSE of Katabu, Indonesia"
USGS_usc000hpsd,Z3,Sunda Megathrust - Java to Nusa Tenggara,2013-06-13 16:47:23.320,-10.004,107.236,9.0,6.7,mww,USGS/US,"south of Java, Indonesia"
USGS_us1000aw8q,Z3,Sunda Megathrust - Java to Nusa Tenggara,2017-10-24 10:47:47.860,-7.2168,123.0735,553.81,6.7,mww,USGS/US,"181 km NNE of Maumere, Indonesia"
USGS_us200041ty,Z3,Sunda Megathrust - Java to Nusa Tenggara,2015-11-04 03:44:15.190,-8.3381,124.8754,20.0,6.5,mww,USGS/US,"47 km NW of Maubara, Timor Leste"
USGS_us2000c4v8,Z3,Sunda Megathrust - Java to Nusa Tenggara,2017-12-15 16:47:58.230,-7.4921,108.1743,90.0,6.5,mww,USGS/US,"12 km SSW of Kawalu, Indonesia"
USGS_us1000gbi4,Z3,Sunda Megathrust - Java to Nusa Tenggara,2018-08-17 15:35:01.890,-7.3718,119.8017,529.0,6.5,mww,USGS/US,"124 km N of Labuan Bajo, Indonesia"
USGS_us2000ggbs,Z3,Sunda Megathrust - Java to Nusa Tenggara,2018-07-28 22:47:38.740,-8.2395,116.508,14.0,6.4,mww,USGS/US,"33 km NNW of Labuan Lombok, Indonesia"
USGS_us20004zp9,Z3,Sunda Megathrust - Java to Nusa Tenggara,2016-02-12 10:02:24.050,-9.6338,119.4013,28.0,6.3,mww,USGS/US,"94 km W of Waingapu, Indonesia"
USGS_us10007ev8,Z3,Sunda Megathrust - Java to Nusa Tenggara,2016-12-05 01:13:04.880,-7.3158,123.3802,526.0,6.3,mww,USGS/US,"193 km NE of Maumere, Indonesia"
USGS_us10007nl0,Z3,Sunda Megathrust - Java to Nusa Tenggara,2016-12-29 22:30:19.300,-9.0279,118.6639,79.0,6.3,mww,USGS/US,"58 km SSE of Dompu, Indonesia"
USGS_us1000gcvr,Z3,Sunda Megathrust - Java to Nusa Tenggara,2018-08-19 04:10:22.640,-8.3366,116.5993,16.0,6.3,mww,USGS/US,"19 km NNW of Labuan Lombok, Indonesia"
USGS_us2000j73a,Z3,Sunda Megathrust - Java to Nusa Tenggara,2019-01-22 05:10:03.480,-10.4148,119.0165,24.0,6.3,mww,USGS/US,"160 km WSW of Waingapu, Indonesia"
USGS_us2000kbi1,Z3,Sunda Megathrust - Java to Nusa Tenggara,2019-04-06 21:55:01.660,-6.8285,125.0416,539.0,6.3,mww,USGS/US,"197 km N of Likisá, Timor Leste"
USGS_us1000gii0,Z3,Sunda Megathrust - Java to Nusa Tenggara,2018-08-28 07:08:11.360,-10.773,124.1871,14.0,6.2,mww,USGS/US,"92 km SE of Kupang, Indonesia"
USGS_us70007j6z,Z3,Sunda Megathrust - Java to Nusa Tenggara,2020-02-05 18:12:37.734,-6.0817,113.0778,592.42,6.2,mww,USGS/US,"113 km NNE of Bangkalan, Indonesia"
USGS_us6000rjkv,Z3,Sunda Megathrust - Java to Nusa Tenggara,2025-10-26 17:04:25.617,-8.8524,123.9887,75.0,6.2,mww,USGS/US,"57 km NW of Pante Makasar, Timor Leste"
USGS_usp000jrkr,Z3,Sunda Megathrust - Java to Nusa Tenggara,2012-09-03 18:23:05.230,-10.708,113.931,14.0,6.1,mww,USGS/US,"251 km SSW of Jimbaran, Indonesia"
USGS_usb000jx0m,Z3,Sunda Megathrust - Java to Nusa Tenggara,2013-09-21 01:39:15.570,-7.3308,120.0106,549.92,6.1,mww,USGS/US,"129 km N of Labuan Bajo, Indonesia"
USGS_usb000m7wd,Z3,Sunda Megathrust - Java to Nusa Tenggara,2014-01-25 05:14:18.510,-7.9855,109.2653,66.0,6.1,mww,USGS/US,"39 km S of Kroya, Indonesia"
USGS_us20005fv5,Z3,Sunda Megathrust - Java to Nusa Tenggara,2016-04-06 14:45:29.620,-8.2036,107.3857,29.0,6.1,mww,USGS/US,"111 km S of Banjar, Indonesia"
USGS_us60005kta,Z3,Sunda Megathrust - Java to Nusa Tenggara,2019-09-19 07:06:33.291,-6.0708,111.8422,610.0,6.1,mww,USGS/US,"81 km NNE of Lasem, Indonesia"
USGS_us7000l85t,Z3,Sunda Megathrust - Java to Nusa Tenggara,2023-11-01 21:04:48.023,-10.0561,123.7541,51.0,6.1,mww,USGS/US,"20 km NE of Kupang, Indonesia"
USGS_us6000muc0,Z3,Sunda Megathrust - Java to Nusa Tenggara,2024-04-27 16:29:50.643,-8.005,107.2798,59.701,6.1,mww,USGS/US,"91 km S of Banjar, Indonesia"
USGS_us6000tkuc,Z3,Sunda Megathrust - Java to Nusa Tenggara,2026-08-14 22:28:37.743,-8.2904,121.5625,10.0,6.1,mb,USGS/US,"62 km N of Ende, Indonesia"
USGS_us10006g2n,Z3,Sunda Megathrust - Java to Nusa Tenggara,2016-08-23 19:39:44.580,-7.2872,122.4345,533.0,6.0,mww,USGS/US,"149 km N of Maumere, Indonesia"
USGS_us2000gg76,Z3,Sunda Megathrust - Java to Nusa Tenggara,2018-07-28 17:07:23.380,-7.1039,122.7263,578.16,6.0,mww,USGS/US,"177 km NNE of Maumere, Indonesia"
USGS_us1000h5eg,Z3,Sunda Megathrust - Java to Nusa Tenggara,2018-10-01 23:59:42.740,-10.5585,120.2424,29.0,6.0,mww,USGS/US,"99 km S of Waingapu, Indonesia"
USGS_us1000ha6q,Z3,Sunda Megathrust - Java to Nusa Tenggara,2018-10-10 18:44:55.280,-7.4525,114.4553,9.0,6.0,mww,USGS/US,"49 km NE of Panji, Indonesia"
USGS_us2000j70q,Z3,Sunda Megathrust - Java to Nusa Tenggara,2019-01-21 23:59:23.860,-10.3278,119.1521,26.0,6.0,mww,USGS/US,"142 km WSW of Waingapu, Indonesia"
USGS_us6000e0iy,Z3,Sunda Megathrust - Java to Nusa Tenggara,2021-04-10 07:00:15.485,-8.5707,112.5054,67.0,6.0,mww,USGS/US,"45 km S of Sumberpucung, Indonesia"
USGS_us6000rdta,Z3,Sunda Megathrust - Java to Nusa Tenggara,2025-09-30 16:49:43.533,-7.2032,114.1844,19.498,6.0,mww,USGS/US,"31 km ESE of Kalianget, Indonesia"
USGS_usp000jmap,Z3,Sunda Megathrust - Java to Nusa Tenggara,2012-06-04 11:18:13.450,-7.692,106.371,50.0,5.9,mww,USGS/US,"80 km SSW of Pelabuhanratu, Indonesia"
USGS_us2000306u,Z3,Sunda Megathrust - Java to Nusa Tenggara,2015-07-26 07:05:10.130,-9.2585,112.6695,52.0,5.9,mww,USGS/US,"116 km S of Dampit, Indonesia"
USGS_us2000cmwz,Z3,Sunda Megathrust - Java to Nusa Tenggara,2018-01-23 06:34:54.980,-7.0924,105.9632,48.19,5.9,mww,USGS/US,"66 km W of Pelabuhanratu, Indonesia"
USGS_us1000g5n1,Z3,Sunda Megathrust - Java to Nusa Tenggara,2018-08-09 05:25:32.380,-8.3065,116.2304,15.0,5.9,mww,USGS/US,"17 km ENE of Gili Air, Indonesia"
USGS_us1000hf6g,Z3,Sunda Megathrust - Java to Nusa Tenggara,2018-10-02 00:16:45.690,-10.4747,120.1428,26.0,5.9,mww,USGS/US,"91 km S of Waingapu, Indonesia"
USGS_us60005ku0,Z3,Sunda Megathrust - Java to Nusa Tenggara,2019-09-19 07:32:01.582,-6.0586,111.8877,617.56,5.9,mww,USGS/US,"85 km NE of Lasem, Indonesia"
USGS_us6000j77l,Z3,Sunda Megathrust - Java to Nusa Tenggara,2022-12-06 06:07:48.037,-10.7234,113.386,17.0,5.9,mww,USGS/US,"269 km S of Kencong, Indonesia"
USGS_us6000kp2e,Z3,Sunda Megathrust - Java to Nusa Tenggara,2023-06-30 12:57:42.414,-8.6478,110.0229,76.421,5.9,mww,USGS/US,"82 km SSW of Bambanglipuro, Indonesia"
USGS_us6000t8nf,Z3,Sunda Megathrust - Java to Nusa Tenggara,2026-06-27 10:37:01.427,-6.7876,125.6325,514.0,5.9,mww,USGS/US,"193 km N of Metinaro, Timor Leste"
USGS_us6000tkta,Z3,Sunda Megathrust - Java to Nusa Tenggara,2026-08-14 22:13:50.837,-8.2393,120.1488,10.0,5.9,mb,USGS/US,"40 km NE of Labuan Bajo, Indonesia"
USGS_us20002pyz,Z3,Sunda Megathrust - Java to Nusa Tenggara,2015-06-15 17:40:53.930,-9.742,125.2517,20.0,5.8,mww,USGS/US,"47 km S of Suai, Timor Leste"
USGS_us10006gj0,Z3,Sunda Megathrust - Java to Nusa Tenggara,2016-08-23 19:40:46.660,-7.2131,122.5391,520.29,5.8,mb,USGS/US,"159 km NNE of Maumere, Indonesia"
USGS_us1000gdaz,Z3,Sunda Megathrust - Java to Nusa Tenggara,2018-08-19 15:16:35.240,-8.3511,116.5565,10.0,5.8,mb,USGS/US,"20 km NW of Labuan Lombok, Indonesia"
USGS_us7000e50p,Z3,Sunda Megathrust - Java to Nusa Tenggara,2021-05-21 12:09:22.756,-8.4206,112.332,106.0,5.8,mww,USGS/US,"33 km SSW of Sumberpucung, Indonesia"
USGS_us6000gcaj,Z3,Sunda Megathrust - Java to Nusa Tenggara,2021-12-14 03:25:27.949,-7.605,122.2449,10.0,5.8,mb,USGS/US,"112 km N of Maumere, Indonesia"
USGS_us6000j7r0,Z3,Sunda Megathrust - Java to Nusa Tenggara,2022-12-08 00:50:55.572,-6.7109,107.1456,107.0,5.8,mww,USGS/US,"17 km NW of Ciranjang-hilir, Indonesia"
USGS_us6000s6ne,Z3,Sunda Megathrust - Java to Nusa Tenggara,2026-02-05 18:06:10.133,-8.8606,111.2205,40.0,5.8,mww,USGS/US,"101 km SSW of Trenggalek, Indonesia"
USGS_us7000sicu,Z3,Sunda Megathrust - Java to Nusa Tenggara,2026-05-05 06:44:49.944,-10.0638,119.3249,22.0,5.8,mww,USGS/US,"70 km S of Tambolaka, Indonesia"
USGS_us6000tlwi,Z3,Sunda Megathrust - Java to Nusa Tenggara,2026-08-14 22:06:29.750,-8.229,121.308,10.0,5.8,mb,USGS/US,"78 km NNW of Ende, Indonesia"
USGS_us6000tm0u,Z3,Sunda Megathrust - Java to Nusa Tenggara,2026-08-19 22:45:17.290,-8.3418,120.5442,10.0,5.8,mww,USGS/US,"31 km NNE of Ruteng, Indonesia"
USGS_usp000jds3,Z3,Sunda Megathrust - Java to Nusa Tenggara,2012-01-20 20:32:53.440,-8.406,119.701,126.3,5.7,mww,USGS/US,"22 km WNW of Labuan Bajo, Indonesia"
USGS_usp000jscb,Z3,Sunda Megathrust - Java to Nusa Tenggara,2012-09-15 16:32:21.510,-10.732,113.865,10.0,5.7,mww,USGS/US,"257 km SSW of Jimbaran, Indonesia"
USGS_usp000juw5,Z3,Sunda Megathrust - Java to Nusa Tenggara,2012-11-01 14:12:01.820,-6.762,107.529,142.1,5.7,mww,USGS/US,"10 km NE of Padalarang, Indonesia"
USGS_usb000i8n2,Z3,Sunda Megathrust - Java to Nusa Tenggara,2013-07-08 02:13:40.600,-8.803,113.002,60.0,5.7,mww,USGS/US,"70 km SW of Kencong, Indonesia"
USGS_usb000srnq,Z3,Sunda Megathrust - Java to Nusa Tenggara,2014-10-30 12:11:35.650,-6.9881,117.5894,535.0,5.7,mww,USGS/US,"157 km N of Pototano, Indonesia"
USGS_us200041rk,Z3,Sunda Megathrust - Java to Nusa Tenggara,2015-11-03 21:25:02.010,-8.2825,124.9069,10.27,5.7,mww,USGS/US,"49 km NW of Maubara, Timor Leste"
USGS_us100048d4,Z3,Sunda Megathrust - Java to Nusa Tenggara,2015-12-19 15:03:36.010,-8.3684,107.0225,27.0,5.7,mww,USGS/US,"137 km SSW of Banjar, Indonesia"
USGS_us100078vh,Z3,Sunda Megathrust - Java to Nusa Tenggara,2016-11-16 15:10:11.020,-9.0027,113.2445,85.0,5.7,mww,USGS/US,"80 km S of Kencong, Indonesia"
USGS_us20009lwc,Z3,Sunda Megathrust - Java to Nusa Tenggara,2017-06-11 23:15:06.150,-8.3206,106.259,7.0,5.7,mww,USGS/US,"150 km SSW of Pelabuhanratu, Indonesia"
USGS_us2000as7r,Z3,Sunda Megathrust - Java to Nusa Tenggara,2017-09-20 23:59:24.900,-6.1113,113.024,588.0,5.7,mww,USGS/US,"108 km NNE of Bangkalan, Indonesia"
USGS_us1000giie,Z3,Sunda Megathrust - Java to Nusa Tenggara,2018-08-28 07:13:32.150,-10.631,124.1363,8.18,5.7,mww,USGS/US,"77 km SE of Kupang, Indonesia"
USGS_us1000h5h5,Z3,Sunda Megathrust - Java to Nusa Tenggara,2018-10-02 04:49:31.220,-10.4716,120.1194,17.58,5.7,mww,USGS/US,"91 km S of Waingapu, Indonesia"
USGS_us2000jjm5,Z3,Sunda Megathrust - Java to Nusa Tenggara,2019-02-18 19:30:22.900,-9.5093,112.8605,23.0,5.7,mww,USGS/US,"144 km S of Dampit, Indonesia"
USGS_us70004l29,Z3,Sunda Megathrust - Java to Nusa Tenggara,2019-07-16 00:18:36.961,-8.8208,114.487,80.0,5.7,mww,USGS/US,"46 km SSE of Muncar, Indonesia"
USGS_us7000702n,Z3,Sunda Megathrust - Java to Nusa Tenggara,2020-01-15 07:55:30.169,-10.3733,124.0857,10.0,5.7,mww,USGS/US,"Timor region, Indonesia"
USGS_usd000crm9,Z3,Sunda Megathrust - Java to Nusa Tenggara,2020-06-03 15:54:04.610,-7.0058,116.9276,639.88,5.7,mww,USGS/US,"167 km NNW of Pototano, Indonesia"
USGS_us7000anpp,Z3,Sunda Megathrust - Java to Nusa Tenggara,2020-07-14 23:33:58.152,-7.2022,120.4556,584.48,5.7,mww,USGS/US,"155 km N of Ruteng, Indonesia"
USGS_us6000gcdu,Z3,Sunda Megathrust - Java to Nusa Tenggara,2021-12-14 03:23:30.443,-7.6086,122.2473,10.0,5.7,mb,USGS/US,"111 km N of Maumere, Indonesia"
USGS_us7000gmmb,Z3,Sunda Megathrust - Java to Nusa Tenggara,2022-02-21 12:35:58.794,-8.2068,120.6211,20.0,5.7,mww,USGS/US,"47 km NNE of Ruteng, Indonesia"
USGS_us7000krk4,Z3,Sunda Megathrust - Java to Nusa Tenggara,2023-08-28 20:08:06.461,-7.0269,117.2121,481.974,5.7,mb,USGS/US,"156 km N of Pototano, Indonesia"
USGS_us6000mkvx,Z3,Sunda Megathrust - Java to Nusa Tenggara,2024-03-24 03:04:07.847,-9.4207,122.1832,62.174,5.7,mww,USGS/US,"85 km SE of Ende, Indonesia"
USGS_us6000s4mj,Z3,Sunda Megathrust - Java to Nusa Tenggara,2026-01-27 01:20:42.659,-7.9,111.4274,127.0,5.7,mww,USGS/US,"5 km SW of Ponorogo, Indonesia"
USGS_us10004ua7,Z3,Sunda Megathrust - Java to Nusa Tenggara,2016-03-03 08:36:32.650,-9.7645,125.316,29.5,5.6,mb,USGS/US,"50 km S of Suai, Timor Leste"
USGS_us1000692a,Z3,Sunda Megathrust - Java to Nusa Tenggara,2016-07-31 23:40:01.880,-8.1935,117.8136,21.0,5.6,mww,USGS/US,"43 km ENE of Pototano, Indonesia"
USGS_us20008tme,Z3,Sunda Megathrust - Java to Nusa Tenggara,2017-03-21 23:10:25.150,-8.4915,115.3233,111.71,5.6,mww,USGS/US,"6 km ENE of Ubud, Indonesia"
USGS_us1000giqe,Z3,Sunda Megathrust - Java to Nusa Tenggara,2018-08-19 15:04:02.940,-8.2842,116.5942,10.0,5.6,mb,USGS/US,"25 km NNW of Labuan Lombok, Indonesia"
USGS_us2000j7rv,Z3,Sunda Megathrust - Java to Nusa Tenggara,2019-01-23 11:39:02.390,-10.2981,118.9231,24.0,5.6,mww,USGS/US,"163 km WSW of Waingapu, Indonesia"
USGS_us1000jhbv,Z3,Sunda Megathrust - Java to Nusa Tenggara,2019-03-17 07:07:25.369,-8.4179,116.5208,10.0,5.6,mww,USGS/US,"18 km WNW of Labuan Lombok, Indonesia"
USGS_us70003mw2,Z3,Sunda Megathrust - Java to Nusa Tenggara,2019-05-18 01:51:29.831,-9.5083,108.5971,8.0,5.6,mww,USGS/US,"219 km SSW of Kroya, Indonesia"
USGS_us60005kuc,Z3,Sunda Megathrust - Java to Nusa Tenggara,2019-09-19 07:32:58.793,-6.0534,111.8968,636.41,5.6,mb,USGS/US,"86 km NE of Lasem, Indonesia"
USGS_us6000d7c5,Z3,Sunda Megathrust - Java to Nusa Tenggara,2021-01-11 01:20:38.218,-7.2529,120.4325,613.25,5.6,mww,USGS/US,"150 km NNE of Labuan Bajo, Indonesia"
USGS_us6000gc4q,Z3,Sunda Megathrust - Java to Nusa Tenggara,2021-12-14 08:31:31.397,-7.6129,122.3166,10.0,5.6,mb,USGS/US,"111 km N of Maumere, Indonesia"
USGS_us7000hj75,Z3,Sunda Megathrust - Java to Nusa Tenggara,2022-06-22 05:01:19.152,-7.3221,120.4333,499.8,5.6,mww,USGS/US,"142 km N of Ruteng, Indonesia"
USGS_us7000ir9t,Z3,Sunda Megathrust - Java to Nusa Tenggara,2022-11-21 06:21:07.066,-6.836,106.9968,10.0,5.6,mww,USGS/US,"11 km NE of Sukabumi, Indonesia"
USGS_us6000j6k5,Z3,Sunda Megathrust - Java to Nusa Tenggara,2022-12-03 09:49:40.213,-7.2331,107.6139,120.0,5.6,mww,USGS/US,"20 km ESE of Banjar, Indonesia"
USGS_us6000k1gl,Z3,Sunda Megathrust - Java to Nusa Tenggara,2023-04-02 08:40:53.380,-7.8107,118.6792,10.886,5.6,mww,USGS/US,"72 km N of Bima, Indonesia"
USGS_us7000k6xu,Z3,Sunda Megathrust - Java to Nusa Tenggara,2023-06-07 17:04:55.412,-8.8517,110.7921,18.0,5.6,mww,USGS/US,"146 km S of Wonosari, Indonesia"
USGS_us7000ki3q,Z3,Sunda Megathrust - Java to Nusa Tenggara,2023-07-25 00:25:10.718,-9.0432,123.9238,87.512,5.6,mww,USGS/US,"53 km WNW of Pante Makasar, Timor Leste"
USGS_us7000kufx,Z3,Sunda Megathrust - Java to Nusa Tenggara,2023-09-09 00:06:14.503,-6.8316,116.5593,512.824,5.6,mww,USGS/US,"176 km NNE of Gili Air, Indonesia"
USGS_us7000ltpz,Z3,Sunda Megathrust - Java to Nusa Tenggara,2024-01-25 12:24:12.531,-8.2065,121.1669,21.643,5.6,mww,USGS/US,"89 km NW of Ende, Indonesia"
USGS_us7000m1h8,Z3,Sunda Megathrust - Java to Nusa Tenggara,2024-02-25 13:07:04.300,-7.3405,105.9282,34.0,5.6,mww,USGS/US,"79 km WSW of Pelabuhanratu, Indonesia"
USGS_us7000pp13,Z3,Sunda Megathrust - Java to Nusa Tenggara,2025-03-31 15:54:17.424,-10.0069,119.0489,11.867,5.6,mww,USGS/US,"67 km SSW of Tambolaka, Indonesia"
USGS_us7000qd6b,Z3,Sunda Megathrust - Java to Nusa Tenggara,2025-07-17 09:04:25.461,-10.1195,119.1925,24.0,5.6,mww,USGS/US,"76 km S of Tambolaka, Indonesia"
USGS_us6000tku7,Z3,Sunda Megathrust - Java to Nusa Tenggara,2026-08-14 22:18:07.362,-8.4444,121.4566,10.0,5.6,mb,USGS/US,"49 km NNW of Ende, Indonesia"
USGS_us6000tm1j,Z3,Sunda Megathrust - Java to Nusa Tenggara,2026-08-20 02:46:58.986,-8.2328,120.5308,10.0,5.6,mww,USGS/US,"42 km N of Ruteng, Indonesia"
USGS_us6000tm8h,Z3,Sunda Megathrust - Java to Nusa Tenggara,2026-08-20 18:12:51.589,-8.297,121.3718,10.0,5.6,mb,USGS/US,"68 km NNW of Ende, Indonesia"
USGS_usp000juq5,Z3,Sunda Megathrust - Java to Nusa Tenggara,2012-10-29 06:28:33.130,-8.185,123.465,10.0,5.5,mwc,USGS/US,"146 km ENE of Maumere, Indonesia"
USGS_usb000fsz8,Z3,Sunda Megathrust - Java to Nusa Tenggara,2013-03-26 17:23:58.100,-9.353,120.278,68.7,5.5,mwb,USGS/US,"33 km N of Waingapu, Indonesia"
USGS_usb000m6hr,Z3,Sunda Megathrust - Java to Nusa Tenggara,2014-01-23 00:52:15.320,-7.1045,120.3147,579.0,5.5,mwb,USGS/US,"160 km NNE of Labuan Bajo, Indonesia"
USGS_usc000mmb5,Z3,Sunda Megathrust - Java to Nusa Tenggara,2014-02-10 18:06:17.930,-8.2076,124.5284,18.6,5.5,mwb,USGS/US,"87 km WNW of Maubara, Timor Leste"
USGS_usb000rsqi,Z3,Sunda Megathrust - Java to Nusa Tenggara,2014-07-14 05:05:03.200,-8.8188,111.2529,52.51,5.5,mww,USGS/US,"96 km SSW of Trenggalek, Indonesia"
USGS_us20002zzg,Z3,Sunda Megathrust - Java to Nusa Tenggara,2015-07-24 21:44:38.920,-8.2477,108.9163,48.0,5.5,mwb,USGS/US,"77 km SSW of Kroya, Indonesia"
USGS_us10003xd3,Z3,Sunda Megathrust - Java to Nusa Tenggara,2015-11-11 11:45:23.890,-8.9416,110.2187,83.02,5.5,mww,USGS/US,"109 km S of Bambanglipuro, Indonesia"
USGS_us10008lzr,Z3,Sunda Megathrust - Java to Nusa Tenggara,2017-04-29 10:02:12.550,-9.6687,111.8495,10.0,5.5,mww,USGS/US,"171 km S of Boyolangu, Indonesia"
USGS_us1000aysa,Z3,Sunda Megathrust - Java to Nusa Tenggara,2017-10-30 22:37:18.550,-8.6014,118.9841,110.17,5.5,mb,USGS/US,"32 km ESE of Bima, Indonesia"
USGS_us1000dqj3,Z3,Sunda Megathrust - Java to Nusa Tenggara,2018-04-23 07:37:11.310,-6.3107,123.6455,652.53,5.5,mww,USGS/US,"197 km SE of Katabu, Indonesia"
USGS_us1000g3uy,Z3,Sunda Megathrust - Java to Nusa Tenggara,2018-08-05 12:49:55.250,-8.358,116.1402,31.26,5.5,mb,USGS/US,"6 km E of Gili Air, Indonesia"
USGS_us1000gdb7,Z3,Sunda Megathrust - Java to Nusa Tenggara,2018-08-19 15:28:58.880,-8.391,116.5568,10.0,5.5,mb,USGS/US,"17 km NW of Labuan Lombok, Indonesia"
USGS_us1000ghbd,Z3,Sunda Megathrust - Java to Nusa Tenggara,2018-08-25 18:33:15.640,-8.422,116.9263,11.58,5.5,mww,USGS/US,"29 km ENE of Labuan Lombok, Indonesia"
USGS_us1000i36p,Z3,Sunda Megathrust - Java to Nusa Tenggara,2018-12-06 01:02:46.330,-8.3948,116.0135,12.0,5.5,mww,USGS/US,"8 km WSW of Gili Air, Indonesia"
USGS_us70008l5g,Z3,Sunda Megathrust - Java to Nusa Tenggara,2020-04-02 02:13:11.964,-7.9349,125.7018,16.19,5.5,mww,USGS/US,"65 km N of Metinaro, Timor Leste"
USGS_us7000fq2q,Z3,Sunda Megathrust - Java to Nusa Tenggara,2021-10-30 11:11:42.064,-7.7093,125.4591,17.43,5.5,mww,USGS/US,"94 km N of Dili, Timor Leste"
USGS_us7000gmnq,Z3,Sunda Megathrust - Java to Nusa Tenggara,2022-02-21 16:22:33.830,-8.0904,120.7908,10.0,5.5,mww,USGS/US,"67 km NNE of Ruteng, Indonesia"
USGS_us6000ibju,Z3,Sunda Megathrust - Java to Nusa Tenggara,2022-08-17 12:56:31.898,-7.0024,125.4656,480.972,5.5,mww,USGS/US,"171 km N of Metinaro, Timor Leste"
USGS_us6000kxp7,Z3,Sunda Megathrust - Java to Nusa Tenggara,2023-08-04 00:31:44.377,-6.1265,113.093,575.691,5.5,mww,USGS/US,"109 km NNE of Bangkalan, Indonesia"
USGS_us6000l005,Z3,Sunda Megathrust - Java to Nusa Tenggara,2023-08-15 03:54:02.700,-8.3786,121.4462,173.0,5.5,mww,USGS/US,"Flores region, Indonesia"
USGS_us7000krn7,Z3,Sunda Megathrust - Java to Nusa Tenggara,2023-08-28 20:06:53.008,-6.8165,116.6136,514.072,5.5,mb,USGS/US,"180 km NNE of Gili Air, Indonesia"
USGS_us7000l76s,Z3,Sunda Megathrust - Java to Nusa Tenggara,2023-10-28 13:04:53.144,-7.6305,125.8938,10.0,5.5,mww,USGS/US,"98 km N of Manatutu, Timor Leste"
USGS_us6000tkub,Z3,Sunda Megathrust - Java to Nusa Tenggara,2026-08-14 22:16:59.927,-8.4867,121.0158,10.0,5.5,mb,USGS/US,"62 km ENE of Ruteng, Indonesia"
USGS_us6000tkuf,Z3,Sunda Megathrust - Java to Nusa Tenggara,2026-08-14 22:37:17.355,-8.2816,120.0343,10.0,5.5,mb,USGS/US,"28 km NE of Labuan Bajo, Indonesia"
USGS_us6000tl6a,Z3,Sunda Megathrust - Java to Nusa Tenggara,2026-08-16 06:51:47.123,-7.8982,120.5537,11.509,5.5,mww,USGS/US,"79 km N of Ruteng, Indonesia"
USGS_usd0015eay,Z3,Sunda Megathrust - Java to Nusa Tenggara,2026-08-17 00:46:39.857,-8.2878,121.4763,7.122,5.5,mww,USGS/US,"64 km NNW of Ende, Indonesia"
USGS_us6000tlxq,Z3,Sunda Megathrust - Java to Nusa Tenggara,2026-08-19 16:17:38.287,-8.2075,120.558,10.0,5.5,mww,USGS/US,"45 km NNE of Ruteng, Indonesia"
USGS_us7000td2z,Z3,Sunda Megathrust - Java to Nusa Tenggara,2026-08-31 08:03:28.497,-8.241,120.6119,10.0,5.5,mb,USGS/US,"44 km NNE of Ruteng, Indonesia"
USGS_us7000pn9s,Z4,Andaman-Nicobar-Myanmar Arc & Sagaing Fault System,2025-03-28 06:20:52.715,22.011,95.9363,10.0,7.7,mww,USGS/US,"2025 Mandalay, Burma (Myanmar) Earthquake"
TMD_TM12894,Z4,Andaman-Nicobar-Myanmar Arc & Sagaing Fault System,2025-03-28 06:32:10.000,21.415,96.383,10.0,7.1,ML(TMD),TMD,ประเทศเมียนมา
USGS_us20005hqz,Z4,Andaman-Nicobar-Myanmar Arc & Sagaing Fault System,2016-04-13 13:55:17.800,23.0944,94.8654,136.0,6.9,mww,USGS/US,"76 km SE of Mawlaik, Myanmar"
USGS_usp000jvbq,Z4,Andaman-Nicobar-Myanmar Arc & Sagaing Fault System,2012-11-11 01:12:38.870,23.005,95.885,13.7,6.8,mww,USGS/US,"51 km NNE of Shwebo, Myanmar"
USGS_us10006gbf,Z4,Andaman-Nicobar-Myanmar Arc & Sagaing Fault System,2016-08-24 10:34:54.580,20.9228,94.569,82.0,6.8,mww,USGS/US,"26 km W of Chauk, Myanmar"
USGS_us10004b2n,Z4,Andaman-Nicobar-Myanmar Arc & Sagaing Fault System,2016-01-03 23:05:22.270,24.8036,93.6505,55.0,6.7,mww,USGS/US,"29 km W of Imph?l, India"
USGS_us7000pn9z,Z4,Andaman-Nicobar-Myanmar Arc & Sagaing Fault System,2025-03-28 06:32:04.777,21.6975,95.969,10.0,6.7,mww,USGS/US,Burma (Myanmar)
USGS_us10003vry,Z4,Andaman-Nicobar-Myanmar Arc & Sagaing Fault System,2015-11-08 16:47:02.160,6.8431,94.648,10.0,6.6,mww,USGS/US,"Nicobar Islands, India region"
USGS_usc000njrq,Z4,Andaman-Nicobar-Myanmar Arc & Sagaing Fault System,2014-03-21 13:41:09.480,7.7448,94.3342,21.54,6.4,mww,USGS/US,"232 km NNW of Sabang, Indonesia"
USGS_us6000qvpp,Z4,Andaman-Nicobar-Myanmar Arc & Sagaing Fault System,2025-07-28 18:41:50.299,6.6907,93.0637,21.0,6.4,mww,USGS/US,"264 km WNW of Sabang, Indonesia"
TMD_TM3130,Z4,Andaman-Nicobar-Myanmar Arc & Sagaing Fault System,2014-11-17 04:33:52.000,21.3,92.82,70.0,6.2,ML(TMD),TMD,ประเทศพม่า
USGS_us7000fx45,Z4,Andaman-Nicobar-Myanmar Arc & Sagaing Fault System,2021-11-25 23:45:41.752,22.8232,93.5061,43.0,6.2,mww,USGS/US,"20 km WSW of Falam, Myanmar"
USGS_us7000aqaw,Z4,Andaman-Nicobar-Myanmar Arc & Sagaing Fault System,2020-07-17 14:03:40.437,11.8485,94.9362,10.0,6.1,mww,USGS/US,"239 km E of Port Blair, India"
USGS_us6000f1r4,Z4,Andaman-Nicobar-Myanmar Arc & Sagaing Fault System,2021-08-03 03:42:38.345,8.8809,94.0192,10.0,6.1,mww,USGS/US,"Nicobar Islands, India region"
USGS_us2000cifa,Z4,Andaman-Nicobar-Myanmar Arc & Sagaing Fault System,2018-01-11 18:26:24.240,18.3719,96.0717,9.0,6.0,mww,USGS/US,"40 km WSW of Pyu, Myanmar"
USGS_us7000dy3b,Z4,Andaman-Nicobar-Myanmar Arc & Sagaing Fault System,2021-04-28 02:21:26.212,26.7813,92.4565,34.0,6.0,mww,USGS/US,"8 km NNW of Dhekiajuli, India"
USGS_us6000py97,Z4,Andaman-Nicobar-Myanmar Arc & Sagaing Fault System,2025-03-12 05:42:11.676,6.9701,92.5548,23.0,6.0,mww,USGS/US,"Nicobar Islands, India region"
USGS_usc000r8xg,Z4,Andaman-Nicobar-Myanmar Arc & Sagaing Fault System,2014-05-30 01:20:15.170,24.9997,97.845,10.0,5.9,mww,USGS/US,"62 km SE of Myitkyina, Myanmar"
USGS_us70003axc,Z4,Andaman-Nicobar-Myanmar Arc & Sagaing Fault System,2019-04-23 20:15:50.777,28.4073,94.5605,14.0,5.9,mww,USGS/US,"22 km SE of Shi Yomi, India"
USGS_us70008xhp,Z4,Andaman-Nicobar-Myanmar Arc & Sagaing Fault System,2020-04-16 11:45:23.960,22.8004,94.0292,10.0,5.9,mww,USGS/US,"38 km ESE of Falam, Myanmar"
USGS_us7000k58h,Z4,Andaman-Nicobar-Myanmar Arc & Sagaing Fault System,2023-05-31 11:20:14.013,25.1051,96.2315,10.0,5.9,mww,USGS/US,"121 km WSW of Myitkyina, Myanmar"
USGS_us6000kwam,Z4,Andaman-Nicobar-Myanmar Arc & Sagaing Fault System,2023-07-28 19:23:46.487,10.5368,93.5418,88.891,5.9,mww,USGS/US,"152 km SE of Port Blair, India"
TMD_TM13155,Z4,Andaman-Nicobar-Myanmar Arc & Sagaing Fault System,2025-03-30 07:08:06.000,22.049,96.544,10.0,5.9,ML(TMD),TMD,ประเทศเมียนมา
USGS_usp000jvcs,Z4,Andaman-Nicobar-Myanmar Arc & Sagaing Fault System,2012-11-11 10:54:41.350,22.72,95.832,6.0,5.8,mww,USGS/US,"21 km NE of Shwebo, Myanmar"
USGS_usp000jy3c,Z4,Andaman-Nicobar-Myanmar Arc & Sagaing Fault System,2013-01-09 01:41:53.260,25.329,95.048,93.0,5.8,mww,USGS/US,"66 km SE of Phek, India"
TMD_TM1736,Z4,Andaman-Nicobar-Myanmar Arc & Sagaing Fault System,2013-03-30 20:04:11.000,24.69,94.07,0.0,5.8,ML(TMD),TMD,พรมแดนพม่า-อินเดีย
USGS_usb000r1y6,Z4,Andaman-Nicobar-Myanmar Arc & Sagaing Fault System,2014-05-23 20:49:21.970,24.9737,97.8437,8.0,5.8,mww,USGS/US,"63 km SE of Myitkyina, Myanmar"
USGS_usb000ryuh,Z4,Andaman-Nicobar-Myanmar Arc & Sagaing Fault System,2014-07-31 13:41:00.830,12.4337,95.2033,10.0,5.8,mww,USGS/US,"280 km ENE of Port Blair, India"
USGS_us6000f1r6,Z4,Andaman-Nicobar-Myanmar Arc & Sagaing Fault System,2021-08-03 03:43:53.638,9.0017,94.158,10.0,5.8,mb,USGS/US,"Nicobar Islands, India region"
USGS_us6000s65b,Z4,Andaman-Nicobar-Myanmar Arc & Sagaing Fault System,2026-02-03 15:34:01.535,20.4368,93.9466,58.953,5.8,mww,USGS/US,"96 km W of Yenangyaung, Burma (Myanmar)"
TMD_TM0090,Z4,Andaman-Nicobar-Myanmar Arc & Sagaing Fault System,2008-08-19 21:34:33.000,28.4575,97.8155,0.0,5.7,ML(TMD),TMD,พรมแดนพม่าจีน
USGS_usp000jjjm,Z4,Andaman-Nicobar-Myanmar Arc & Sagaing Fault System,2012-04-25 07:42:23.380,9.011,93.945,9.0,5.7,mww,USGS/US,"Nicobar Islands, India region"
USGS_usp000jpkd,Z4,Andaman-Nicobar-Myanmar Arc & Sagaing Fault System,2012-07-29 02:21:12.600,22.935,94.299,75.3,5.7,mwb,USGS/US,"63 km E of Falam, Myanmar"
TMD_TM1662,Z4,Andaman-Nicobar-Myanmar Arc & Sagaing Fault System,2012-12-22 16:41:21.000,23.85,93.33,0.0,5.7,ML(TMD),TMD,ชายแดนพม่า-อินเดีย
USGS_usb000jwly,Z4,Andaman-Nicobar-Myanmar Arc & Sagaing Fault System,2013-09-20 12:24:46.270,22.9341,95.9607,4.0,5.7,mww,USGS/US,"48 km NE of Shwebo, Myanmar"
USGS_us7000aqj0,Z4,Andaman-Nicobar-Myanmar Arc & Sagaing Fault System,2020-07-17 18:32:58.716,12.0979,94.9745,5.07,5.7,mww,USGS/US,"247 km E of Port Blair, India"
USGS_us6000k314,Z4,Andaman-Nicobar-Myanmar Arc & Sagaing Fault System,2023-04-09 12:17:33.607,8.966,93.9695,10.0,5.7,mww,USGS/US,"Nicobar Islands, India region"
USGS_us7000ma59,Z4,Andaman-Nicobar-Myanmar Arc & Sagaing Fault System,2024-04-05 12:45:38.655,26.4924,96.9139,69.136,5.7,mb,USGS/US,"33 km NNE of Sarupathar, India"
USGS_usp000jnev,Z4,Andaman-Nicobar-Myanmar Arc & Sagaing Fault System,2012-07-01 04:13:52.090,25.592,94.696,58.0,5.6,mwb,USGS/US,"21 km ESE of Phek, India"
TMD_TM1667,Z4,Andaman-Nicobar-Myanmar Arc & Sagaing Fault System,2012-12-26 13:59:51.000,22.29,96.21,0.0,5.6,ML(TMD),TMD,ประเทศพม่า
TMD_TM1897,Z4,Andaman-Nicobar-Myanmar Arc & Sagaing Fault System,2013-09-20 11:52:58.000,24.27,94.33,0.0,5.6,ML(TMD),TMD,ชายแดนพม่า-อินเดีย
USGS_usc000syca,Z4,Andaman-Nicobar-Myanmar Arc & Sagaing Fault System,2014-11-18 03:25:37.490,7.484,94.359,6.61,5.6,mww,USGS/US,"205 km NNW of Sabang, Indonesia"
USGS_usb000sybr,Z4,Andaman-Nicobar-Myanmar Arc & Sagaing Fault System,2014-11-20 18:14:37.790,23.5081,93.5148,49.0,5.6,mwb,USGS/US,"42 km ENE of Khawhai, India"
USGS_us10003vsp,Z4,Andaman-Nicobar-Myanmar Arc & Sagaing Fault System,2015-11-08 19:14:47.430,6.984,94.534,10.0,5.6,mwc,USGS/US,"148 km NW of Sabang, Indonesia"
USGS_us1000c1my,Z4,Andaman-Nicobar-Myanmar Arc & Sagaing Fault System,2018-01-07 06:47:15.780,24.7382,94.9055,33.0,5.6,mww,USGS/US,"86 km E of W?ngjing, India"
USGS_us60003qg7,Z4,Andaman-Nicobar-Myanmar Arc & Sagaing Fault System,2019-05-22 00:39:34.963,13.8921,92.9916,29.0,5.6,mww,USGS/US,"244 km N of Bamboo Flat, India"
USGS_us6000ag4u,Z4,Andaman-Nicobar-Myanmar Arc & Sagaing Fault System,2020-06-21 22:40:52.633,23.1449,93.2856,10.84,5.6,mww,USGS/US,"22 km E of North Vanlaiphai, India"
USGS_us6000ipft,Z4,Andaman-Nicobar-Myanmar Arc & Sagaing Fault System,2022-09-29 22:22:36.730,23.1002,94.8968,150.0,5.6,mww,USGS/US,"78 km SE of Mawlaik, Myanmar"
USGS_us7000k9he,Z4,Andaman-Nicobar-Myanmar Arc & Sagaing Fault System,2023-06-19 01:40:24.074,15.2546,96.2895,13.518,5.6,mww,USGS/US,"131 km SSE of Pyapon, Myanmar"
USGS_usp000jjh8,Z4,Andaman-Nicobar-Myanmar Arc & Sagaing Fault System,2012-04-24 14:57:10.110,8.868,93.949,14.1,5.5,mwb,USGS/US,"Nicobar Islands, India region"
USGS_usp000jvd9,Z4,Andaman-Nicobar-Myanmar Arc & Sagaing Fault System,2012-11-11 18:19:45.080,23.132,95.866,28.4,5.5,mww,USGS/US,"64 km NNE of Shwebo, Myanmar"
USGS_usp000jx9b,Z4,Andaman-Nicobar-Myanmar Arc & Sagaing Fault System,2012-12-22 16:41:45.740,22.443,94.782,134.4,5.5,mww,USGS/US,"51 km NW of Monywa, Myanmar"
USGS_usb000g4nw,Z4,Andaman-Nicobar-Myanmar Arc & Sagaing Fault System,2013-04-11 03:47:02.930,19.258,95.623,9.9,5.5,mb,USGS/US,"44 km ESE of Myaydo, Myanmar"
USGS_usb000l2rk,Z4,Andaman-Nicobar-Myanmar Arc & Sagaing Fault System,2013-11-20 10:09:18.430,12.3975,95.1481,10.26,5.5,mwb,USGS/US,"273 km ENE of Port Blair, India"
USGS_usc000nb99,Z4,Andaman-Nicobar-Myanmar Arc & Sagaing Fault System,2014-03-14 13:38:06.200,7.7631,94.3128,10.0,5.5,mww,USGS/US,"235 km NNW of Sabang, Indonesia"
USGS_usc000njsg,Z4,Andaman-Nicobar-Myanmar Arc & Sagaing Fault System,2014-03-21 14:11:13.890,7.5417,94.2698,10.0,5.5,mb,USGS/US,"216 km NNW of Sabang, Indonesia"
USGS_usb000sg5e,Z4,Andaman-Nicobar-Myanmar Arc & Sagaing Fault System,2014-09-26 04:21:24.080,12.5193,95.2254,20.22,5.5,mwc,USGS/US,"285 km ENE of Port Blair, India"
USGS_us10002n5q,Z4,Andaman-Nicobar-Myanmar Arc & Sagaing Fault System,2015-07-03 03:16:35.510,11.4234,95.032,8.71,5.5,mww,USGS/US,"250 km E of Port Blair, India"
USGS_us10003vpz,Z4,Andaman-Nicobar-Myanmar Arc & Sagaing Fault System,2015-11-08 10:42:01.590,6.8782,94.5455,8.0,5.5,mww,USGS/US,"138 km NW of Sabang, Indonesia"
USGS_us2000k8e8,Z4,Andaman-Nicobar-Myanmar Arc & Sagaing Fault System,2019-04-01 08:11:32.416,7.5782,94.3371,10.0,5.5,mww,USGS/US,"215 km NNW of Sabang, Indonesia"
USGS_us70004nrn,Z4,Andaman-Nicobar-Myanmar Arc & Sagaing Fault System,2019-07-19 09:22:15.514,27.7188,92.8302,15.0,5.5,mww,USGS/US,"64 km NE of Bomdila, India"
USGS_us6000c7ce,Z4,Andaman-Nicobar-Myanmar Arc & Sagaing Fault System,2020-10-10 17:38:00.765,24.6661,93.4997,53.0,5.5,mww,USGS/US,"33 km WNW of Moir?ng, India"
USGS_us6000f051,Z4,Andaman-Nicobar-Myanmar Arc & Sagaing Fault System,2021-07-29 08:39:27.722,22.8638,95.9967,10.0,5.5,mb,USGS/US,"44 km NE of Shwebo, Myanmar"
USGS_us6000f27x,Z4,Andaman-Nicobar-Myanmar Arc & Sagaing Fault System,2021-08-04 17:57:39.892,8.7966,94.0775,8.82,5.5,mww,USGS/US,"Nicobar Islands, India region"
USGS_us6000fsrg,Z4,Andaman-Nicobar-Myanmar Arc & Sagaing Fault System,2021-10-07 18:28:03.669,22.3124,94.7676,110.0,5.5,mww,USGS/US,"44 km WNW of Monywa, Myanmar"
USGS_us7000h035,Z4,Andaman-Nicobar-Myanmar Arc & Sagaing Fault System,2022-04-06 05:29:43.954,7.423,94.3078,10.0,5.5,mww,USGS/US,"202 km NNW of Sabang, Indonesia"
USGS_us7000inqd,Z4,Andaman-Nicobar-Myanmar Arc & Sagaing Fault System,2022-11-10 05:01:05.611,28.3835,94.4118,15.0,5.5,mww,USGS/US,"16 km SSE of Shi Yomi, India"
USGS_us6000k2zy,Z4,Andaman-Nicobar-Myanmar Arc & Sagaing Fault System,2023-04-09 10:31:20.479,8.9326,93.9552,10.0,5.5,mww,USGS/US,"Nicobar Islands, India region"
TMD_TM12926,Z4,Andaman-Nicobar-Myanmar Arc & Sagaing Fault System,2025-03-28 12:22:02.000,21.84,96.447,10.0,5.5,ML(TMD),TMD,ประเทศเมียนมา
USGS_us7000qw56,Z4,Andaman-Nicobar-Myanmar Arc & Sagaing Fault System,2025-09-14 11:11:51.373,26.7097,92.2103,29.0,5.5,mww,USGS/US,"11 km ESE of Udalguri, India"
TMD_TM0582,Z5,Shan-Thai / Indochina Intraplate Zone,2011-03-24 13:55:12.000,20.87,99.91,0.0,6.7,ML(TMD),TMD,ประเทศพม่า
USGS_us70006ara,Z5,Shan-Thai / Indochina Intraplate Zone,2019-11-20 23:50:43.955,19.4533,101.3558,10.0,6.2,mww,USGS/US,"43 km WNW of Sainyabuli, Laos"
TMD_TM0586,Z5,Shan-Thai / Indochina Intraplate Zone,2011-03-24 15:54:35.000,20.59,99.84,0.0,6.1,ML(TMD),TMD,ประเทศพม่า
USGS_usb000qack,Z5,Shan-Thai / Indochina Intraplate Zone,2014-05-05 11:08:43.420,19.6557,99.6696,6.0,6.1,mww,USGS/US,"32 km SSW of Chiang Rai, Thailand"
USGS_usb000sjim,Z5,Shan-Thai / Indochina Intraplate Zone,2014-10-07 13:49:39.720,23.3834,100.4702,8.51,6.1,mww,USGS/US,"125 km SW of Jianshui, China"
USGS_us7000hsg4,Z5,Shan-Thai / Indochina Intraplate Zone,2022-07-21 17:07:25.226,21.1504,99.8777,5.0,5.9,mww,USGS/US,"53 km S of K?ng Tung, Myanmar"
TMD_TM0013,Z5,Shan-Thai / Indochina Intraplate Zone,2007-11-01 19:05:00.000,21.57,100.92,0.0,5.7,ML(TMD),TMD,พรมแดนพม่า-ลาว-จีน
USGS_us2000hat7,Z5,Shan-Thai / Indochina Intraplate Zone,2018-09-08 02:31:30.740,23.3322,101.5779,8.0,5.7,mww,USGS/US,"110 km SSE of Jianshui, China"
USGS_us70006anm,Z5,Shan-Thai / Indochina Intraplate Zone,2019-11-20 21:03:57.835,19.4452,101.2534,10.0,5.7,mww,USGS/US,"44 km ENE of Chiang Klang, Thailand"
USGS_us6000gf1y,Z5,Shan-Thai / Indochina Intraplate Zone,2021-12-24 13:43:22.922,22.3699,101.6708,9.48,5.7,mww,USGS/US,"88 km NNW of Phôngsali, Laos"
USGS_us6000lp06,Z5,Shan-Thai / Indochina Intraplate Zone,2023-11-17 01:37:11.547,21.217,99.3304,15.733,5.7,mww,USGS/US,"76 km SW of Kēng Tung, Myanmar"
USGS_usc000t440,Z5,Shan-Thai / Indochina Intraplate Zone,2014-12-05 18:43:46.290,23.3363,100.4736,11.0,5.6,mww,USGS/US,"129 km SW of Jianshui, China"
USGS_usc000t48q,Z5,Shan-Thai / Indochina Intraplate Zone,2014-12-06 10:20:01.520,23.3577,100.533,10.0,5.6,mww,USGS/US,"123 km SW of Jianshui, China"
TMD_TM0589,Z5,Shan-Thai / Indochina Intraplate Zone,2011-03-25 00:22:41.000,20.53,99.83,0.0,5.5,ML(TMD),TMD,ประเทศพม่า
TMD_TM0596,Z5,Shan-Thai / Indochina Intraplate Zone,2011-03-25 22:57:24.000,21.27,100.23,0.0,5.5,ML(TMD),TMD,ประเทศพม่า
USGS_us6000gdng,Z5,Shan-Thai / Indochina Intraplate Zone,2021-12-19 21:06:15.047,19.5613,101.3109,10.0,5.5,mww,USGS/US,"53 km NW of Sainyabuli, Laos"
USGS_us7000srb1,Z6,Philippine Mobile Belt,2026-06-07 23:37:41.970,5.5994,125.056,56.991,7.8,mww,USGS/US,"25 km SW of Kablalan, Philippines"
USGS_usp000jr83,Z6,Philippine Mobile Belt,2012-08-31 12:47:33.380,10.811,126.638,28.0,7.6,mww,USGS/US,"89 km E of Sulangan, Philippines"
USGS_us7000lff4,Z6,Philippine Mobile Belt,2023-12-02 14:37:04.454,8.5266,126.4161,40.0,7.6,mww,USGS/US,"19 km E of Gamut, Philippines"
USGS_us7000m9g4,Z6,Philippine Mobile Belt,2024-04-02 23:58:12.173,23.8356,121.5976,40.0,7.4,mww,USGS/US,"15 km S of Hualien City, Taiwan"
USGS_us6000rfwz,Z6,Philippine Mobile Belt,2025-10-10 01:43:59.585,7.2866,126.6902,59.425,7.4,mww,USGS/US,"12 km E of Santiago, Philippines"
USGS_us10007s9c,Z6,Philippine Mobile Belt,2017-01-10 06:13:48.140,4.4782,122.6171,627.17,7.3,mww,USGS/US,"189 km SSE of Tabiauan, Philippines"
USGS_usb000kdb4,Z6,Philippine Mobile Belt,2013-10-15 00:12:32.050,9.8796,124.1167,19.04,7.1,mww,USGS/US,"4 km SE of Sagbayan, Philippines"
USGS_us6000f48v,Z6,Philippine Mobile Belt,2021-08-11 17:46:13.143,6.4748,126.7151,55.14,7.1,mww,USGS/US,"60 km ENE of Pondaguitan, Philippines"
USGS_us7000myfa,Z6,Philippine Mobile Belt,2024-07-11 02:13:18.585,6.0838,123.1503,639.503,7.1,mww,USGS/US,"106 km WSW of Sangay, Philippines"
USGS_us2000iyta,Z6,Philippine Mobile Belt,2018-12-29 03:39:09.740,5.8983,126.9209,60.21,7.0,mww,USGS/US,"96 km ESE of Pondaguitan, Philippines"
USGS_us6000i5rd,Z6,Philippine Mobile Belt,2022-07-27 00:43:26.871,17.5207,120.8181,33.729,7.0,mww,USGS/US,"11 km NE of Bantay, Philippines"
USGS_us10008ls4,Z6,Philippine Mobile Belt,2017-04-28 20:23:17.260,5.5043,125.0658,26.0,6.9,mww,USGS/US,"31 km SW of Burias, Philippines"
USGS_us7000i90q,Z6,Philippine Mobile Belt,2022-09-18 06:44:13.846,23.138,121.3439,10.0,6.9,mww,USGS/US,"90 km E of Yujing, Taiwan"
USGS_us7000lfxx,Z6,Philippine Mobile Belt,2023-12-03 19:49:35.739,8.9705,126.6121,20.0,6.9,mww,USGS/US,"34 km ENE of Aras-asan, Philippines"
USGS_us6000rdrz,Z6,Philippine Mobile Belt,2025-09-30 13:59:43.328,11.1557,124.111,10.0,6.9,mww,USGS/US,"8 km ESE of Calape, Philippines"
USGS_us60006rp9,Z6,Philippine Mobile Belt,2019-12-15 06:11:51.155,6.6969,125.1739,18.0,6.8,mww,USGS/US,"7 km S of Magsaysay, Philippines"
USGS_us6000nhqc,Z6,Philippine Mobile Belt,2024-08-02 22:23:02.111,8.1851,126.6161,32.0,6.8,mww,USGS/US,"20 km E of Barcelona, Philippines"
USGS_usp000jejw,Z6,Philippine Mobile Belt,2012-02-06 03:49:12.520,9.999,123.206,11.0,6.7,mww,USGS/US,"2 km NNE of Jimalalud, Philippines"
USGS_us6000eyfk,Z6,Philippine Mobile Belt,2021-07-23 20:48:57.357,13.7047,120.7259,110.0,6.7,mww,USGS/US,"15 km S of Hukay, Philippines"
USGS_us6000h6nr,Z6,Philippine Mobile Belt,2022-03-22 17:41:38.584,23.3839,121.6118,24.0,6.7,mww,USGS/US,"65 km S of Hualien City, Taiwan"
USGS_us6000lp12,Z6,Philippine Mobile Belt,2023-11-17 08:14:10.513,5.5627,125.0013,52.0,6.7,mww,USGS/US,"32 km SW of Kablalan, Philippines"
USGS_us6000m2jp,Z6,Philippine Mobile Belt,2024-01-08 20:48:42.361,4.9225,126.1575,62.574,6.7,mww,USGS/US,"93 km SE of Sarangani, Philippines"
USGS_us6000rg2r,Z6,Philippine Mobile Belt,2025-10-10 11:12:05.407,7.2127,126.6578,47.0,6.7,mww,USGS/US,"12 km SE of Santiago, Philippines"
USGS_usb000t20t,Z6,Philippine Mobile Belt,2014-12-02 05:11:31.000,6.1572,123.1261,614.0,6.6,mww,USGS/US,"106 km WSW of Sangay, Philippines"
USGS_us6000645n,Z6,Philippine Mobile Belt,2019-10-29 01:04:43.879,6.7567,125.0082,15.0,6.6,mww,USGS/US,"10 km NE of Columbio, Philippines"
USGS_us6000bgbr,Z6,Philippine Mobile Belt,2020-08-18 00:03:48.566,12.0257,124.1272,10.0,6.6,mww,USGS/US,"13 km E of San Pedro, Philippines"
USGS_us7000fszl,Z6,Philippine Mobile Belt,2021-11-10 15:45:13.652,23.5935,126.4474,12.0,6.6,mww,USGS/US,"177 km SE of Hirara, Japan"
USGS_us7000lftp,Z6,Philippine Mobile Belt,2023-12-03 10:35:52.871,8.488,126.7454,19.0,6.6,mww,USGS/US,"47 km ENE of Hinatuan, Philippines"
USGS_us7000rl2n,Z6,Philippine Mobile Belt,2025-12-27 15:05:55.388,24.6841,122.0354,63.0,6.6,mww,USGS/US,"29 km ESE of Yilan, Taiwan"
USGS_us20008ixa,Z6,Philippine Mobile Belt,2017-02-10 14:03:43.920,9.9071,125.4516,15.0,6.5,mww,USGS/US,"11 km N of Mabua, Philippines"
USGS_us1000976a,Z6,Philippine Mobile Belt,2017-07-06 08:03:57.550,11.1269,124.6286,9.0,6.5,mww,USGS/US,"2 km S of Lim-oo, Philippines"
USGS_us700061e9,Z6,Philippine Mobile Belt,2019-10-31 01:11:19.146,6.9098,125.1782,10.0,6.5,mww,USGS/US,"2 km ENE of Bulatukan, Philippines"
USGS_us7000i8ui,Z6,Philippine Mobile Belt,2022-09-17 13:41:17.890,23.1191,121.4138,10.0,6.5,mww,USGS/US,"96 km SE of Lugu, Taiwan"
USGS_us7000srcg,Z6,Philippine Mobile Belt,2026-06-08 00:55:12.546,5.4747,125.2173,75.065,6.5,mb,USGS/US,"18 km SW of Balangonan, Philippines"
USGS_us6000t8ec,Z6,Philippine Mobile Belt,2026-06-26 11:34:41.463,5.2867,125.0719,42.0,6.5,mww,USGS/US,"44 km SW of Balangonan, Philippines"
USGS_us200027ps,Z6,Philippine Mobile Belt,2015-04-20 01:42:58.380,24.2026,122.3158,29.0,6.4,mww,USGS/US,"75 km WSW of Yonakuni, Japan"
USGS_us20004y6h,Z6,Philippine Mobile Belt,2016-02-05 19:57:27.380,22.9375,120.6014,23.0,6.4,mww,USGS/US,"25 km SE of Yujing, Taiwan"
USGS_us1000chhc,Z6,Philippine Mobile Belt,2018-02-06 15:50:43.320,24.1338,121.6586,17.0,6.4,mww,USGS/US,"18 km NNE of Hualien City, Taiwan"
USGS_us70003aj3,Z6,Philippine Mobile Belt,2019-04-23 05:37:53.147,11.7547,125.2013,56.0,6.4,mww,USGS/US,"17 km ESE of Tutubigan, Philippines"
USGS_us70005ulm,Z6,Philippine Mobile Belt,2019-10-16 11:37:06.342,6.7147,125.007,16.12,6.4,mww,USGS/US,"7 km ENE of Columbio, Philippines"
USGS_us6000b80p,Z6,Philippine Mobile Belt,2020-08-01 17:09:01.952,7.2932,124.1331,483.0,6.4,mww,USGS/US,"11 km SW of Polloc, Philippines"
USGS_us6000h48d,Z6,Philippine Mobile Belt,2022-03-13 21:05:49.469,14.096,119.3811,11.0,6.4,mww,USGS/US,"75 km WNW of Cabra, Philippines"
USGS_us6000iwds,Z6,Philippine Mobile Belt,2022-10-25 14:59:00.085,17.6609,120.8147,6.0,6.4,mww,USGS/US,"11 km E of Dolores, Philippines"
USGS_us6000lcri,Z6,Philippine Mobile Belt,2023-10-04 11:21:47.730,5.3171,126.0438,113.0,6.4,mww,USGS/US,"65 km E of Sarangani, Philippines"
USGS_us7000lfi0,Z6,Philippine Mobile Belt,2023-12-02 16:03:41.167,8.4377,126.757,35.0,6.4,mww,USGS/US,"47 km NE of Barcelona, Philippines"
USGS_us7000m9gc,Z6,Philippine Mobile Belt,2024-04-03 00:11:25.266,24.1021,121.6812,13.931,6.4,mww,USGS/US,"15 km NNE of Hualien City, Taiwan"
USGS_us7000rn2z,Z6,Philippine Mobile Belt,2026-01-07 03:02:53.890,7.2449,126.8953,22.0,6.4,mww,USGS/US,"35 km E of Santiago, Philippines"
USGS_usc000ksdy,Z6,Philippine Mobile Belt,2013-10-31 12:02:08.720,23.5904,121.4366,10.0,6.3,mww,USGS/US,"46 km SSW of Hualien City, Taiwan"
USGS_usb000qniy,Z6,Philippine Mobile Belt,2014-05-15 10:16:42.020,9.3832,122.0604,15.46,6.3,mww,USGS/US,"51 km WSW of Alim, Philippines"
USGS_usb000rsr5,Z6,Philippine Mobile Belt,2014-07-14 07:59:57.290,5.7144,126.4776,20.0,6.3,mww,USGS/US,"78 km SSE of Pondaguitan, Philippines"
USGS_us10006s4v,Z6,Philippine Mobile Belt,2016-09-23 22:53:10.400,6.5717,126.4918,65.0,6.3,mww,USGS/US,"36 km SE of Tamisan, Philippines"
USGS_us7000biyd,Z6,Philippine Mobile Belt,2020-09-06 15:23:43.148,6.2693,125.8285,120.0,6.3,mww,USGS/US,"17 km E of Talagutong, Philippines"
USGS_us6000d2ra,Z6,Philippine Mobile Belt,2020-12-24 23:43:41.964,13.82,120.6539,109.0,6.3,mww,USGS/US,"2 km ESE of Calatagan, Philippines"
USGS_us7000lfkh,Z6,Philippine Mobile Belt,2023-12-02 18:09:25.972,8.4402,126.9387,46.378,6.3,mww,USGS/US,"63 km ENE of Barcelona, Philippines"
USGS_us6000nht0,Z6,Philippine Mobile Belt,2024-08-03 04:20:26.565,8.2038,126.8354,15.0,6.3,mww,USGS/US,"44 km E of Barcelona, Philippines"
USGS_us6000ti6x,Z6,Philippine Mobile Belt,2026-08-05 04:14:06.079,5.1799,125.2798,10.0,6.3,mww,USGS/US,"32 km SW of Sarangani, Philippines"
USGS_usb000hbrt,Z6,Philippine Mobile Belt,2013-06-02 05:43:03.460,23.789,121.141,17.0,6.2,mww,USGS/US,"26 km SE of Puli, Taiwan"
USGS_usb000tp6y,Z6,Philippine Mobile Belt,2015-02-13 20:06:32.330,22.6374,121.427,30.0,6.2,mww,USGS/US,Taiwan region
USGS_us2000a77i,Z6,Philippine Mobile Belt,2017-08-11 05:28:25.790,14.0065,120.7391,172.0,6.2,mww,USGS/US,"1 km SE of Tuy, Philippines"
USGS_us2000haxi,Z6,Philippine Mobile Belt,2018-09-08 07:16:49.620,7.2377,126.4779,10.0,6.2,mww,USGS/US,"7 km WNW of Manay, Philippines"
USGS_us70005nbb,Z6,Philippine Mobile Belt,2019-09-29 02:02:51.883,5.6756,126.5481,73.0,6.2,mww,USGS/US,"86 km SSE of Pondaguitan, Philippines"
USGS_us6000fx56,Z6,Philippine Mobile Belt,2021-10-24 05:11:34.230,24.5108,121.8314,69.0,6.2,mww,USGS/US,"28 km SSE of Yilan, Taiwan"
USGS_us7000g8n3,Z6,Philippine Mobile Belt,2022-01-03 09:46:35.767,24.0079,122.2592,19.0,6.2,mww,USGS/US,"66 km E of Hualien City, Taiwan"
USGS_us7000h82f,Z6,Philippine Mobile Belt,2022-05-09 06:23:02.067,24.0406,122.4888,21.0,6.2,mww,USGS/US,"70 km SW of Yonakuni, Japan"
USGS_us6000k1x2,Z6,Philippine Mobile Belt,2023-04-04 12:54:31.503,13.7318,125.5376,10.0,6.2,mww,USGS/US,"124 km E of Gigmoto, Philippines"
USGS_us7000k8jz,Z6,Philippine Mobile Belt,2023-06-15 02:19:23.272,13.7629,120.7203,112.0,6.2,mww,USGS/US,"Mindoro, Philippines"
USGS_us7000kv90,Z6,Philippine Mobile Belt,2023-09-12 11:03:17.243,19.2355,121.2293,31.11,6.2,mww,USGS/US,"69 km N of Namuac, Philippines"
USGS_us7000st1c,Z6,Philippine Mobile Belt,2026-06-15 09:18:36.924,6.2033,126.8492,92.76,6.2,mww,USGS/US,"76 km ESE of Pondaguitan, Philippines"
USGS_us7000t0d0,Z6,Philippine Mobile Belt,2026-07-14 15:49:39.376,5.3179,125.1758,47.842,6.2,mww,USGS/US,"33 km WSW of Sarangani, Philippines"
USGS_usp000juy1,Z6,Philippine Mobile Belt,2012-11-02 18:17:32.730,9.219,126.161,37.0,6.1,mww,USGS/US,"2 km NW of Tigao, Philippines"
USGS_usc000f8be,Z6,Philippine Mobile Belt,2013-02-16 04:37:36.220,5.812,125.748,105.0,6.1,mww,USGS/US,"16 km SE of Caburan, Philippines"
USGS_usc000taik,Z6,Philippine Mobile Belt,2014-12-29 09:29:37.390,8.6341,121.5213,8.0,6.1,mww,USGS/US,"122 km NNW of Siocon, Philippines"
USGS_us200027ru,Z6,Philippine Mobile Belt,2015-04-20 12:00:00.070,24.0471,122.4532,29.0,6.1,mww,USGS/US,"72 km SW of Yonakuni, Japan"
USGS_us10002n6s,Z6,Philippine Mobile Belt,2015-07-03 06:43:21.540,10.1691,125.8907,32.0,6.1,mww,USGS/US,"23 km NW of Santa Monica, Philippines"
USGS_us1000cfn6,Z6,Philippine Mobile Belt,2018-02-04 13:56:41.950,24.1572,121.7078,12.0,6.1,mww,USGS/US,"22 km NNE of Hualien City, Taiwan"
USGS_us1000dym9,Z6,Philippine Mobile Belt,2018-05-05 06:19:05.040,14.5708,123.9192,18.0,6.1,mww,USGS/US,"64 km NNW of Pandan, Philippines"
USGS_us700038c1,Z6,Philippine Mobile Belt,2019-04-18 05:01:06.493,24.0374,121.6501,20.0,6.1,mww,USGS/US,"8 km NE of Hualien City, Taiwan"
USGS_us70003a63,Z6,Philippine Mobile Belt,2019-04-22 09:11:12.013,14.9538,120.5149,21.84,6.1,mww,USGS/US,"3 km WSW of San Francisco, Philippines"
USGS_us70003tl7,Z6,Philippine Mobile Belt,2019-05-31 10:12:32.876,6.2795,126.479,98.72,6.1,mww,USGS/US,"34 km ESE of Pondaguitan, Philippines"
USGS_us70008ghw,Z6,Philippine Mobile Belt,2020-03-26 15:38:04.089,5.5669,125.0521,59.0,6.1,mww,USGS/US,"27 km SW of Burias, Philippines"
USGS_us7000cpqz,Z6,Philippine Mobile Belt,2020-12-10 13:19:58.682,24.7818,122.0243,71.0,6.1,mww,USGS/US,"27 km E of Yilan, Taiwan"
USGS_us7000crdx,Z6,Philippine Mobile Belt,2020-12-15 23:21:57.807,5.1789,125.4212,14.0,6.1,mww,USGS/US,"25 km S of Sarangani, Philippines"
USGS_us6000e0k5,Z6,Philippine Mobile Belt,2021-04-10 09:30:43.306,4.1322,124.6443,300.0,6.1,mww,USGS/US,"167 km SSW of Sarangani, Philippines"
USGS_us7000h373,Z6,Philippine Mobile Belt,2022-04-19 01:23:07.057,7.2852,126.9533,19.0,6.1,mww,USGS/US,"41 km E of Santiago, Philippines"
USGS_us6000hmz8,Z6,Philippine Mobile Belt,2022-05-21 21:50:48.047,14.0187,120.6494,129.0,6.1,mww,USGS/US,"1 km S of Lian, Philippines"
USGS_us6000jp76,Z6,Philippine Mobile Belt,2023-02-15 18:10:08.107,12.3099,123.8605,8.0,6.1,mww,USGS/US,"9 km NNE of Miaga, Philippines"
USGS_us7000lfjr,Z6,Philippine Mobile Belt,2023-12-02 17:40:15.233,8.423,126.722,36.091,6.1,mb,USGS/US,"41 km NE of Barcelona, Philippines"
USGS_us6000mt0r,Z6,Philippine Mobile Belt,2024-04-22 18:26:52.852,23.7141,121.6599,9.0,6.1,mww,USGS/US,"29 km S of Hualien City, Taiwan"
USGS_us6000mt0s,Z6,Philippine Mobile Belt,2024-04-22 18:32:48.439,23.8586,121.5662,10.0,6.1,mww,USGS/US,"13 km SSW of Hualien City, Taiwan"
USGS_us7000n7b8,Z6,Philippine Mobile Belt,2024-08-15 23:35:53.943,23.7491,121.7669,14.0,6.1,mww,USGS/US,"30 km SSE of Hualien City, Taiwan"
USGS_us7000srbe,Z6,Philippine Mobile Belt,2026-06-07 23:48:07.276,5.4579,125.2171,44.674,6.1,mb,USGS/US,"19 km SW of Balangonan, Philippines"
USGS_usp000jek9,Z6,Philippine Mobile Belt,2012-02-06 10:10:19.850,9.885,123.095,9.0,6.0,mww,USGS/US,"0 km NW of Amdos, Philippines"
USGS_usp000ju30,Z6,Philippine Mobile Belt,2012-10-17 04:42:30.400,4.232,124.52,326.0,6.0,mww,USGS/US,"166 km SW of Sarangani, Philippines"
USGS_us200027rt,Z6,Philippine Mobile Belt,2015-04-20 11:45:13.440,24.0851,122.453,29.0,6.0,mww,USGS/US,"69 km SW of Yonakuni, Japan"
USGS_us20005hux,Z6,Philippine Mobile Belt,2016-04-13 18:21:52.730,7.7917,122.0231,17.0,6.0,mww,USGS/US,"15 km NW of Siocon, Philippines"
USGS_us10008qnw,Z6,Philippine Mobile Belt,2017-05-09 01:54:14.550,24.45,126.3174,10.0,6.0,mww,USGS/US,"110 km ESE of Hirara, Japan"
USGS_us10008tp0,Z6,Philippine Mobile Belt,2017-05-20 01:06:14.250,9.3818,123.9537,533.0,6.0,mww,USGS/US,"25 km S of Alburquerque, Philippines"
USGS_us2000dus5,Z6,Philippine Mobile Belt,2018-04-05 03:53:38.410,6.8325,126.7785,34.0,6.0,mww,USGS/US,"43 km ESE of Tarragona, Philippines"
USGS_us2000i6mv,Z6,Philippine Mobile Belt,2018-11-04 07:55:29.280,7.7599,123.867,600.71,6.0,mww,USGS/US,"10 km SSE of Sapad, Philippines"
USGS_us1000jccx,Z6,Philippine Mobile Belt,2019-03-08 15:06:12.620,10.384,126.006,30.0,6.0,mww,USGS/US,"40 km N of Santa Monica, Philippines"
USGS_us60004w8x,Z6,Philippine Mobile Belt,2019-07-26 23:37:58.444,20.8373,121.9744,9.0,6.0,mww,USGS/US,"43 km N of Basco, Philippines"
USGS_us70007jwn,Z6,Philippine Mobile Belt,2020-02-06 13:40:05.791,5.4543,126.5692,19.0,6.0,mww,USGS/US,"109 km SSE of Pondaguitan, Philippines"
USGS_us7000cfes,Z6,Philippine Mobile Belt,2020-11-15 22:37:43.690,8.7572,126.2914,43.0,6.0,mww,USGS/US,"5 km S of Marihatag, Philippines"
USGS_us6000df9r,Z6,Philippine Mobile Belt,2021-02-07 04:22:56.667,6.7693,125.1011,16.0,6.0,mww,USGS/US,"9 km W of Magsaysay, Philippines"
USGS_us6000hf49,Z6,Philippine Mobile Belt,2022-04-20 21:57:43.018,6.9686,126.9241,19.0,6.0,mww,USGS/US,"50 km ESE of Manay, Philippines"
USGS_us7000h781,Z6,Philippine Mobile Belt,2022-05-05 08:21:15.666,6.5295,127.1315,18.0,6.0,mww,USGS/US,"94 km SE of Lukatan, Philippines"
USGS_us6000hywe,Z6,Philippine Mobile Belt,2022-06-30 18:40:36.938,19.0236,121.3363,30.0,6.0,mww,USGS/US,"49 km NNE of Namuac, Philippines"
USGS_us6000jkpr,Z6,Philippine Mobile Belt,2023-02-01 10:44:46.067,7.7431,126.0566,19.0,6.0,mww,USGS/US,"1 km NW of Babag, Philippines"
USGS_us7000lgan,Z6,Philippine Mobile Belt,2023-12-02 20:52:15.877,8.4475,126.7782,9.0,6.0,mww,USGS/US,"49 km NE of Barcelona, Philippines"
USGS_us7000lfwj,Z6,Philippine Mobile Belt,2023-12-03 14:35:56.830,8.732,126.823,13.0,6.0,mww,USGS/US,"58 km E of Marihatag, Philippines"
USGS_us7000m439,Z6,Philippine Mobile Belt,2024-03-08 09:11:45.110,5.8168,126.9407,115.0,6.0,mww,USGS/US,"103 km SE of Pondaguitan, Philippines"
USGS_us6000pl8h,Z6,Philippine Mobile Belt,2025-01-20 16:17:26.812,23.1816,120.5448,16.0,6.0,mww,USGS/US,"10 km NE of Yujing, Taiwan"
USGS_us7000q97d,Z6,Philippine Mobile Belt,2025-06-27 23:07:10.371,5.2888,126.0425,99.77,6.0,mww,USGS/US,"65 km E of Sarangani, Philippines"
USGS_us6000rgkr,Z6,Philippine Mobile Belt,2025-10-11 14:32:59.312,8.9231,126.323,67.657,6.0,mww,USGS/US,"3 km ESE of Bacolod, Philippines"
USGS_us6000rhns,Z6,Philippine Mobile Belt,2025-10-16 23:03:12.673,9.7909,126.1163,32.0,6.0,mww,USGS/US,"3 km N of Union, Philippines"
USGS_us7000rkjm,Z6,Philippine Mobile Belt,2025-12-24 09:47:06.669,22.8982,121.2494,8.0,6.0,mww,USGS/US,"2025 Taitung, Taiwan Earthquake"
USGS_us6000smj4,Z6,Philippine Mobile Belt,2026-04-04 10:34:28.266,4.8733,126.1392,67.0,6.0,mww,USGS/US,"95 km SE of Sarangani, Philippines"
USGS_us7000si2z,Z6,Philippine Mobile Belt,2026-05-04 06:09:47.129,11.7144,125.3316,43.0,6.0,mww,USGS/US,"10 km WSW of Nena, Philippines"
USGS_us7000src3,Z6,Philippine Mobile Belt,2026-06-07 23:49:13.534,5.6563,125.2554,35.0,6.0,mb,USGS/US,"5 km SSW of Pangyan, Philippines"
USGS_usp000jfd0,Z6,Philippine Mobile Belt,2012-02-26 02:35:00.530,22.661,120.891,28.0,5.9,mww,USGS/US,"50 km ENE of Donggang, Taiwan"
USGS_usp000jmjm,Z6,Philippine Mobile Belt,2012-06-09 21:00:18.070,24.572,122.248,70.0,5.9,mww,USGS/US,"54 km ESE of Yilan, Taiwan"
USGS_usp000jmv2,Z6,Philippine Mobile Belt,2012-06-16 22:18:47.470,15.593,119.563,28.0,5.9,mww,USGS/US,"37 km WSW of Bolitoc, Philippines"
USGS_usb000ftgc,Z6,Philippine Mobile Belt,2013-03-27 02:03:19.820,23.828,121.215,19.0,5.9,mww,USGS/US,"29 km ESE of Puli, Taiwan"
USGS_usb000jjmy,Z6,Philippine Mobile Belt,2013-09-06 11:33:53.520,20.1721,122.3193,175.23,5.9,mww,USGS/US,"47 km SE of Basco, Philippines"
USGS_usb000ks1g,Z6,Philippine Mobile Belt,2013-11-03 11:03:38.400,4.6565,123.3471,532.0,5.9,mww,USGS/US,"195 km SSW of Palimbang, Philippines"
USGS_usc000tejf,Z6,Philippine Mobile Belt,2015-01-10 19:32:00.320,14.7709,120.2456,59.0,5.9,mww,USGS/US,"5 km NW of Mabayo, Philippines"
USGS_us20005fjj,Z6,Philippine Mobile Belt,2016-04-05 08:29:20.950,4.2073,126.6515,35.0,5.9,mww,USGS/US,"186 km SE of Sarangani, Philippines"
USGS_us10008fsd,Z6,Philippine Mobile Belt,2017-04-08 07:09:23.180,13.7701,120.9354,14.26,5.9,mww,USGS/US,"1 km NNW of Mabini, Philippines"
USGS_us1000e26e,Z6,Philippine Mobile Belt,2018-05-10 18:02:28.960,6.8698,123.762,535.0,5.9,mww,USGS/US,"29 km WNW of Gadung, Philippines"
USGS_us2000jfb2,Z6,Philippine Mobile Belt,2019-02-08 11:55:07.830,9.8456,126.5791,20.0,5.9,mww,USGS/US,"52 km E of Union, Philippines"
USGS_us7000483i,Z6,Philippine Mobile Belt,2019-07-01 16:59:25.333,9.1702,124.1922,533.0,5.9,mww,USGS/US,"48 km S of Valencia, Philippines"
USGS_us60006470,Z6,Philippine Mobile Belt,2019-10-29 02:42:38.284,6.8659,124.9846,10.0,5.9,mww,USGS/US,"8 km E of Bagontapay, Philippines"
USGS_us700069f4,Z6,Philippine Mobile Belt,2019-11-18 13:22:10.121,7.6222,124.9103,14.45,5.9,mww,USGS/US,"2 km N of Kadingilan, Philippines"
USGS_us70008tc8,Z6,Philippine Mobile Belt,2020-04-10 16:44:56.425,20.4677,122.1097,160.0,5.9,mww,USGS/US,"14 km E of Basco, Philippines"
USGS_us6000f5na,Z6,Philippine Mobile Belt,2021-08-13 15:08:31.218,13.7016,120.7817,121.0,5.9,mww,USGS/US,"10 km WNW of Tingloy, Philippines"
USGS_us6000gfd9,Z6,Philippine Mobile Belt,2021-12-26 08:26:47.590,25.2095,125.6031,19.09,5.9,mww,USGS/US,"southwestern Ryukyu Islands, Japan"
USGS_us6000h6rn,Z6,Philippine Mobile Belt,2022-03-22 17:43:25.213,23.42,121.4901,16.66,5.9,mb,USGS/US,"62 km S of Hualien City, Taiwan"
USGS_us7000him8,Z6,Philippine Mobile Belt,2022-06-20 01:05:07.321,23.6544,121.4725,8.0,5.9,mww,USGS/US,"38 km SSW of Hualien City, Taiwan"
USGS_us7000i928,Z6,Philippine Mobile Belt,2022-09-18 09:39:56.516,23.2178,121.2918,10.0,5.9,mww,USGS/US,"80 km SE of Lugu, Taiwan"
USGS_us6000j9by,Z6,Philippine Mobile Belt,2022-12-15 04:03:15.817,23.7695,121.8115,13.0,5.9,mww,USGS/US,"31 km SE of Hualien City, Taiwan"
USGS_us7000jhtd,Z6,Philippine Mobile Belt,2023-03-07 06:02:31.481,7.4941,126.0567,16.051,5.9,mww,USGS/US,"6 km SE of Manat, Philippines"
USGS_us6000lgpg,Z6,Philippine Mobile Belt,2023-10-19 18:58:51.126,7.4623,126.3516,8.494,5.9,mww,USGS/US,"18 km WSW of Batiano, Philippines"
USGS_us7000l5vd,Z6,Philippine Mobile Belt,2023-10-23 23:05:24.760,24.0413,122.6384,31.0,5.9,mww,USGS/US,"59 km SW of Yonakuni, Japan"
USGS_us7000nhk8,Z6,Philippine Mobile Belt,2024-10-01 21:19:49.760,14.1621,124.8171,10.0,5.9,mww,USGS/US,"62 km NE of Gigmoto, Philippines"
USGS_us6000q78l,Z6,Philippine Mobile Belt,2025-04-19 16:11:14.518,5.8328,124.1463,12.0,5.9,mww,USGS/US,"39 km SW of Malisbeng, Philippines"
USGS_us6000qjj5,Z6,Philippine Mobile Belt,2025-06-11 11:00:28.001,23.3659,121.6239,29.331,5.9,mww,USGS/US,"67 km S of Hualien City, Taiwan"
USGS_us6000rfx2,Z6,Philippine Mobile Belt,2025-10-10 01:51:15.525,7.0654,126.8348,63.43,5.9,mb,USGS/US,"36 km ESE of Manay, Philippines"
USGS_us6000s4xz,Z6,Philippine Mobile Belt,2026-01-28 06:47:01.506,6.4317,123.741,16.0,5.9,mww,USGS/US,"33 km W of Sangay, Philippines"
USGS_us6000tadc,Z6,Philippine Mobile Belt,2026-07-06 08:11:10.574,4.9209,125.2936,35.0,5.9,mww,USGS/US,"56 km SSW of Sarangani, Philippines"
USGS_usp000jdgg,Z6,Philippine Mobile Belt,2012-01-14 16:36:21.040,19.202,121.156,17.0,5.8,mww,USGS/US,"65 km N of Namuac, Philippines"
USGS_usp000jekd,Z6,Philippine Mobile Belt,2012-02-06 11:33:36.980,9.821,123.08,15.0,5.8,mww,USGS/US,"6 km WNW of Tiguib, Philippines"
USGS_usp000jgb6,Z6,Philippine Mobile Belt,2012-03-16 07:58:02.500,10.037,125.633,18.0,5.8,mww,USGS/US,"9 km NNE of Dinagat, Philippines"
USGS_usp000jrjh,Z6,Philippine Mobile Belt,2012-09-03 06:49:49.730,6.61,123.875,12.0,5.8,mww,USGS/US,"19 km WNW of Bantogon, Philippines"
USGS_usb000g4ca,Z6,Philippine Mobile Belt,2013-04-10 20:20:26.800,20.722,122.064,11.5,5.8,mww,USGS/US,"31 km NNE of Basco, Philippines"
USGS_usc000hib7,Z6,Philippine Mobile Belt,2013-06-07 16:38:02.900,24.098,122.671,33.0,5.8,mww,USGS/US,"52 km SW of Yonakuni, Japan"
USGS_usc000ngte,Z6,Philippine Mobile Belt,2014-03-19 12:19:26.020,24.109,122.2613,20.0,5.8,mww,USGS/US,"68 km ENE of Hualien City, Taiwan"
USGS_usb000pngz,Z6,Philippine Mobile Belt,2014-04-17 04:38:17.700,4.5162,122.9351,572.92,5.8,mwb,USGS/US,"203 km SE of Tabiauan, Philippines"
USGS_usb000syg3,Z6,Philippine Mobile Belt,2014-11-21 03:29:11.390,20.6545,120.0724,4.0,5.8,mww,USGS/US,"164 km SSW of Hengchun, Taiwan"
USGS_us10003pnb,Z6,Philippine Mobile Belt,2015-10-19 13:50:41.620,13.8654,120.6172,106.0,5.8,mww,USGS/US,"2 km W of Balitoc, Philippines"
USGS_us10005gpt,Z6,Philippine Mobile Belt,2016-05-12 03:17:15.070,24.6953,121.9839,8.0,5.8,mww,USGS/US,"24 km ESE of Yilan, Taiwan"
USGS_us200066bv,Z6,Philippine Mobile Belt,2016-06-23 21:05:30.640,23.694,123.3704,10.0,5.8,mww,USGS/US,"93 km SSE of Yonakuni, Japan"
USGS_us10006k8f,Z6,Philippine Mobile Belt,2016-09-04 02:38:12.430,8.3989,125.8874,16.0,5.8,mww,USGS/US,"7 km SE of Causwagan, Philippines"
USGS_us20007ccf,Z6,Philippine Mobile Belt,2016-10-06 15:51:59.200,22.6258,121.436,14.0,5.8,mww,USGS/US,"99 km NE of Hengchun, Taiwan"
USGS_us10008g7h,Z6,Philippine Mobile Belt,2017-04-10 10:38:47.900,5.6754,127.2013,13.0,5.8,mww,USGS/US,"136 km SE of Pondaguitan, Philippines"
USGS_us10008gsq,Z6,Philippine Mobile Belt,2017-04-11 21:21:00.860,7.6766,124.8119,8.28,5.8,mww,USGS/US,"8 km N of Osias, Philippines"
USGS_us100098gc,Z6,Philippine Mobile Belt,2017-07-10 01:41:48.220,10.9893,124.784,7.1,5.8,mww,USGS/US,"5 km NW of San Pedro, Philippines"
USGS_us2000a4zc,Z6,Philippine Mobile Belt,2017-08-05 00:30:41.230,6.1147,125.415,76.0,5.8,mww,USGS/US,"Mindanao, Philippines"
USGS_us1000hfxx,Z6,Philippine Mobile Belt,2018-10-23 04:34:58.630,24.1153,122.6027,30.0,5.8,mww,USGS/US,"56 km SW of Yonakuni, Japan"
USGS_us1000jb24,Z6,Philippine Mobile Belt,2019-03-06 00:13:00.800,8.5425,126.9168,16.0,5.8,mww,USGS/US,"66 km ENE of Hinatuan, Philippines"
USGS_us70004j9u,Z6,Philippine Mobile Belt,2019-07-12 20:42:55.276,9.3281,126.043,14.29,5.8,mww,USGS/US,"7 km E of Cantilan, Philippines"
USGS_us6000522g,Z6,Philippine Mobile Belt,2019-08-07 21:28:03.651,24.4782,121.9301,20.79,5.8,mww,USGS/US,"35 km SSE of Yilan, Taiwan"
USGS_us6000b4ug,Z6,Philippine Mobile Belt,2020-07-27 17:32:45.227,9.0183,126.2681,43.39,5.8,mww,USGS/US,"3 km N of La Paz, Philippines"
USGS_us6000e2mv,Z6,Philippine Mobile Belt,2021-04-18 14:14:36.967,23.857,121.5264,12.0,5.8,mww,USGS/US,"15 km SSW of Hualien City, Taiwan"
USGS_us7000e28e,Z6,Philippine Mobile Belt,2021-05-12 01:09:27.067,13.5716,120.8478,113.0,5.8,mww,USGS/US,"10 km SSW of Tingloy, Philippines"
USGS_us6000eyfn,Z6,Philippine Mobile Belt,2021-07-23 20:57:18.713,13.7977,120.7434,120.58,5.8,mww,USGS/US,"6 km SE of Hukay, Philippines"
USGS_us6000f29v,Z6,Philippine Mobile Belt,2021-08-04 21:50:46.473,24.7827,122.3105,10.0,5.8,mww,USGS/US,"56 km E of Yilan, Taiwan"
USGS_us6000h6sl,Z6,Philippine Mobile Belt,2022-03-22 20:29:58.188,23.4084,121.5099,18.0,5.8,mww,USGS/US,"63 km S of Hualien City, Taiwan"
USGS_us6000iag5,Z6,Philippine Mobile Belt,2022-08-13 06:25:32.230,6.9062,123.792,19.913,5.8,mww,USGS/US,"Moro Gulf, Mindanao, Philippines"
USGS_us6000j83l,Z6,Philippine Mobile Belt,2022-12-09 06:32:59.635,13.1588,125.8253,9.0,5.8,mww,USGS/US,"96 km NE of Cabatuan, Philippines"
USGS_us6000kb3g,Z6,Philippine Mobile Belt,2023-05-11 13:33:13.759,24.2156,125.2746,21.643,5.8,mww,USGS/US,"southwestern Ryukyu Islands, Japan"
USGS_us7000lfgr,Z6,Philippine Mobile Belt,2023-12-02 15:06:46.280,8.3198,127.0017,61.655,5.8,mb,USGS/US,"65 km ENE of Barcelona, Philippines"
USGS_us7000lges,Z6,Philippine Mobile Belt,2023-12-05 13:36:36.285,9.1609,126.785,12.0,5.8,mww,USGS/US,"60 km ENE of Bacolod, Philippines"
USGS_us7000ly6w,Z6,Philippine Mobile Belt,2024-02-10 03:22:06.930,8.6822,125.568,32.0,5.8,mww,USGS/US,"8 km W of Esperanza, Philippines"
USGS_us7000mduw,Z6,Philippine Mobile Belt,2024-04-22 14:11:22.980,23.7259,121.5781,8.0,5.8,mww,USGS/US,"27 km S of Hualien City, Taiwan"
USGS_us6000mt3f,Z6,Philippine Mobile Belt,2024-04-23 00:04:05.246,23.7794,121.6664,12.0,5.8,mww,USGS/US,"22 km SSE of Hualien City, Taiwan"
USGS_us6000mxpi,Z6,Philippine Mobile Belt,2024-05-10 07:45:18.196,24.1885,121.9049,11.296,5.8,mww,USGS/US,"38 km NE of Hualien City, Taiwan"
USGS_us7000mrz8,Z6,Philippine Mobile Belt,2024-06-12 17:01:20.867,4.3762,126.4544,39.0,5.8,mww,USGS/US,"158 km SE of Sarangani, Philippines"
USGS_us6000rgrd,Z6,Philippine Mobile Belt,2025-10-12 17:05:59.511,10.9522,123.9606,10.0,5.8,mww,USGS/US,"4 km ESE of Tambongon, Philippines"
USGS_us6000ri9x,Z6,Philippine Mobile Belt,2025-10-20 11:35:50.891,6.9992,127.3725,10.0,5.8,mww,USGS/US,"93 km ESE of Santiago, Philippines"
USGS_us7000shjp,Z6,Philippine Mobile Belt,2026-05-01 12:39:55.952,24.8743,122.0444,103.0,5.8,mww,USGS/US,"32 km ENE of Yilan, Taiwan"
USGS_us7000srci,Z6,Philippine Mobile Belt,2026-06-08 00:58:18.396,5.2831,125.7627,64.865,5.8,mb,USGS/US,"35 km ESE of Sarangani, Philippines"
USGS_usp000jdm6,Z6,Philippine Mobile Belt,2012-01-17 12:55:34.720,11.177,125.837,20.0,5.7,mww,USGS/US,"19 km E of Salcedo, Philippines"
USGS_usp000jmsf,Z6,Philippine Mobile Belt,2012-06-15 01:14:07.520,5.719,126.354,41.4,5.7,mww,USGS/US,"73 km SSE of Pondaguitan, Philippines"
USGS_usp000jrky,Z6,Philippine Mobile Belt,2012-09-03 19:44:22.360,7.905,125.044,10.0,5.7,mwc,USGS/US,"5 km W of NIA Valencia, Philippines"
USGS_usp000jvjx,Z6,Philippine Mobile Belt,2012-11-14 05:21:42.470,9.982,122.472,40.9,5.7,mww,USGS/US,"1 km W of Kaliling, Philippines"
USGS_usb000i34l,Z6,Philippine Mobile Belt,2013-06-28 23:51:49.520,24.09,122.232,15.0,5.7,mww,USGS/US,"65 km E of Hualien City, Taiwan"
USGS_usb000kdj6,Z6,Philippine Mobile Belt,2013-10-15 08:42:49.580,9.7931,123.6885,16.01,5.7,mww,USGS/US,"11 km W of Loon, Philippines"
USGS_usc000luwe,Z6,Philippine Mobile Belt,2013-12-31 20:01:06.530,19.1181,120.2719,10.95,5.7,mww,USGS/US,"78 km NNW of Davila, Philippines"
USGS_usc000r948,Z6,Philippine Mobile Belt,2014-05-30 15:26:14.180,9.3864,126.4726,14.53,5.7,mww,USGS/US,"33 km ENE of Cortes, Philippines"
USGS_usc000tszg,Z6,Philippine Mobile Belt,2015-02-25 01:31:41.500,6.0816,119.8398,9.0,5.7,mww,USGS/US,"81 km WSW of Pandan Niog, Philippines"
USGS_us20002q2b,Z6,Philippine Mobile Belt,2015-06-15 21:04:24.670,4.1537,125.8447,136.0,5.7,mww,USGS/US,"144 km SSE of Sarangani, Philippines"
USGS_us20003fkb,Z6,Philippine Mobile Belt,2015-09-02 01:18:29.070,4.4132,124.6314,296.0,5.7,mww,USGS/US,"143 km SW of Sarangani, Philippines"
USGS_us10005gq4,Z6,Philippine Mobile Belt,2016-05-12 04:29:55.800,24.6833,122.0531,9.0,5.7,mww,USGS/US,"31 km ESE of Yilan, Taiwan"
USGS_us1000870s,Z6,Philippine Mobile Belt,2017-03-05 00:08:18.010,9.8311,125.4961,10.51,5.7,mww,USGS/US,"4 km N of Surigao, Philippines"
USGS_us10008g4x,Z6,Philippine Mobile Belt,2017-04-10 00:43:54.580,13.0426,125.3617,10.0,5.7,mww,USGS/US,"54 km NE of Cabodiongan, Philippines"
USGS_us10008gkz,Z6,Philippine Mobile Belt,2017-04-11 14:42:16.530,5.7068,127.0949,12.0,5.7,mww,USGS/US,"124 km SE of Pondaguitan, Philippines"
USGS_us2000atpb,Z6,Philippine Mobile Belt,2017-09-23 20:47:06.760,7.5618,124.7428,8.18,5.7,mww,USGS/US,"3 km E of Malinao, Philippines"
USGS_us1000bx7a,Z6,Philippine Mobile Belt,2017-12-28 17:20:19.350,4.0803,126.7919,23.79,5.7,mww,USGS/US,"207 km SE of Sarangani, Philippines"
USGS_us1000ci9y,Z6,Philippine Mobile Belt,2018-02-07 15:21:31.710,24.0739,121.7386,15.0,5.7,mww,USGS/US,"17 km NE of Hualien City, Taiwan"
USGS_us1000e1yr,Z6,Philippine Mobile Belt,2018-05-10 11:56:59.150,10.1723,125.6372,29.0,5.7,mww,USGS/US,"19 km SSE of Tubajon, Philippines"
USGS_us1000ehes,Z6,Philippine Mobile Belt,2018-06-02 16:28:59.560,4.5872,126.6573,23.1,5.7,mww,USGS/US,"160 km SE of Sarangani, Philippines"
USGS_us2000fvnq,Z6,Philippine Mobile Belt,2018-07-03 09:59:54.580,5.8959,125.1334,97.0,5.7,mww,USGS/US,"7 km E of Tinoto, Philippines"
USGS_us1000hg5i,Z6,Philippine Mobile Belt,2018-10-23 16:04:04.240,23.9912,122.6791,31.0,5.7,mww,USGS/US,"61 km SSW of Yonakuni, Japan"
USGS_us1000hwix,Z6,Philippine Mobile Belt,2018-11-25 23:57:25.700,23.4043,118.5785,16.0,5.7,mww,USGS/US,"104 km W of Magong, Taiwan"
USGS_us2000j47l,Z6,Philippine Mobile Belt,2019-01-15 20:03:20.260,5.8113,126.8985,61.83,5.7,mww,USGS/US,"100 km SE of Pondaguitan, Philippines"
USGS_us70003gig,Z6,Philippine Mobile Belt,2019-05-04 01:05:09.527,12.3713,120.9321,10.0,5.7,mww,USGS/US,"8 km SW of San Agustin, Philippines"
USGS_us60004wav,Z6,Philippine Mobile Belt,2019-07-27 01:24:44.681,20.754,122.0083,10.0,5.7,mww,USGS/US,"34 km N of Basco, Philippines"
USGS_us70005dza,Z6,Philippine Mobile Belt,2019-09-10 05:39:24.000,6.6371,126.4167,48.0,5.7,mww,USGS/US,"26 km SSE of Tamisan, Philippines"
USGS_us6000b7ai,Z6,Philippine Mobile Belt,2020-07-31 06:06:41.589,8.5416,126.5987,28.0,5.7,mww,USGS/US,"34 km ENE of Hinatuan, Philippines"
USGS_us7000bk82,Z6,Philippine Mobile Belt,2020-09-09 07:18:40.291,4.1773,126.6447,17.0,5.7,mww,USGS/US,"188 km SE of Sarangani, Philippines"
USGS_us6000dfgj,Z6,Philippine Mobile Belt,2021-02-08 00:00:40.820,5.688,127.1064,35.23,5.7,mww,USGS/US,"126 km SE of Pondaguitan, Philippines"
USGS_us7000ecyk,Z6,Philippine Mobile Belt,2021-06-14 14:38:41.447,7.7102,124.967,5.86,5.7,mww,USGS/US,"5 km NW of Don Carlos, Philippines"
USGS_us6000f4k8,Z6,Philippine Mobile Belt,2021-08-12 15:53:28.451,6.2918,127.3033,10.0,5.7,mww,USGS/US,"124 km E of Pondaguitan, Philippines"
USGS_us7000fen1,Z6,Philippine Mobile Belt,2021-09-26 17:12:05.243,13.8941,120.5097,83.0,5.7,mww,USGS/US,"12 km W of Talisay, Philippines"
USGS_us7000h0jz,Z6,Philippine Mobile Belt,2022-04-07 23:36:10.821,21.7031,121.0439,10.0,5.7,mww,USGS/US,"45 km SE of Hengchun, Taiwan"
USGS_us6000lcpc,Z6,Philippine Mobile Belt,2023-10-04 03:35:10.800,19.2007,121.2365,27.0,5.7,mww,USGS/US,"Babuyan Islands region, Philippines"
USGS_us6000lfvj,Z6,Philippine Mobile Belt,2023-10-16 10:42:10.570,25.1582,125.5573,13.261,5.7,mww,USGS/US,"46 km NNE of Hirara, Japan"
USGS_us7000l89a,Z6,Philippine Mobile Belt,2023-11-02 06:50:25.384,11.4081,125.875,13.0,5.7,mww,USGS/US,"29 km ENE of Hernani, Philippines"
USGS_us7000lfif,Z6,Philippine Mobile Belt,2023-12-02 16:19:46.488,8.3677,126.7855,52.821,5.7,mb,USGS/US,"45 km ENE of Barcelona, Philippines"
USGS_us7000lfj2,Z6,Philippine Mobile Belt,2023-12-02 16:53:08.675,8.4005,126.8647,46.557,5.7,mb,USGS/US,"54 km ENE of Barcelona, Philippines"
USGS_us7000lhdb,Z6,Philippine Mobile Belt,2023-12-03 10:39:23.796,8.5597,126.6174,45.264,5.7,mb,USGS/US,"37 km ENE of Hinatuan, Philippines"
USGS_us7000lg1q,Z6,Philippine Mobile Belt,2023-12-04 05:08:36.001,8.8354,126.6446,27.0,5.7,mww,USGS/US,"37 km E of Aras-asan, Philippines"
USGS_us7000lgct,Z6,Philippine Mobile Belt,2023-12-05 08:23:54.223,13.9089,120.5645,75.0,5.7,mww,USGS/US,"6 km W of Talisay, Philippines"
USGS_us7000lgd6,Z6,Philippine Mobile Belt,2023-12-05 09:10:03.799,9.0829,126.6785,19.697,5.7,mww,USGS/US,"45 km ENE of Aras-asan, Philippines"
USGS_us7000mbfv,Z6,Philippine Mobile Belt,2024-04-03 01:39:47.928,23.7873,121.7835,26.363,5.7,mwr,USGS/US,"27 km SE of Hualien City, Taiwan"
USGS_us7000m9hp,Z6,Philippine Mobile Belt,2024-04-03 02:14:36.488,24.1954,121.9338,41.798,5.7,mwr,USGS/US,"41 km NE of Hualien City, Taiwan"
USGS_us6000mu3y,Z6,Philippine Mobile Belt,2024-04-26 18:21:23.639,24.1531,121.6724,37.767,5.7,mww,USGS/US,"20 km NNE of Hualien City, Taiwan"
USGS_us6000mvya,Z6,Philippine Mobile Belt,2024-05-03 10:16:23.573,10.8644,125.3349,10.208,5.7,mww,USGS/US,"27 km SSW of Balangiga, Philippines"
USGS_us7000n7v7,Z6,Philippine Mobile Belt,2024-08-19 03:39:01.072,12.7182,124.7335,48.0,5.7,mww,USGS/US,"21 km NNW of Bugko, Philippines"
USGS_us7000nul8,Z6,Philippine Mobile Belt,2024-11-27 21:58:45.297,15.4608,120.8046,182.0,5.7,mww,USGS/US,"1 km NNE of Concepcion, Philippines"
USGS_us7000nv3a,Z6,Philippine Mobile Belt,2024-11-30 08:46:16.409,25.3021,126.0218,49.015,5.7,mww,USGS/US,"91 km NE of Hirara, Japan"
USGS_us7000nvpy,Z6,Philippine Mobile Belt,2024-12-03 18:54:41.788,18.5003,120.7963,34.0,5.7,mww,USGS/US,"5 km SE of Bangui, Philippines"
USGS_us6000plql,Z6,Philippine Mobile Belt,2025-01-22 23:39:46.093,10.0899,125.1492,9.0,5.7,mww,USGS/US,"3 km NNW of San Francisco, Philippines"
USGS_us7000stu3,Z6,Philippine Mobile Belt,2026-06-07 23:51:48.977,5.644,125.4164,69.857,5.7,mb,USGS/US,"2 km WNW of Nuing, Philippines"
USGS_usp000jefn,Z6,Philippine Mobile Belt,2012-02-04 13:09:23.170,11.872,125.754,12.0,5.6,mwb,USGS/US,"33 km ENE of Sulat, Philippines"
USGS_usp000jek2,Z6,Philippine Mobile Belt,2012-02-06 04:19:59.910,10.092,123.227,10.0,5.6,mwc,USGS/US,"3 km WNW of McKinley, Philippines"
USGS_usp000jfum,Z6,Philippine Mobile Belt,2012-03-05 23:06:30.880,12.354,123.7,37.3,5.6,mwc,USGS/US,"5 km ENE of Mobo, Philippines"
USGS_usp000jrbm,Z6,Philippine Mobile Belt,2012-08-31 23:37:58.350,10.388,126.719,40.3,5.6,mwc,USGS/US,"84 km ENE of Santa Monica, Philippines"
USGS_usp000jtny,Z6,Philippine Mobile Belt,2012-10-07 03:14:24.000,18.543,120.939,40.4,5.6,mwb,USGS/US,"16 km E of Pagudpud, Philippines"
USGS_usp000jws0,Z6,Philippine Mobile Belt,2012-12-09 21:45:35.210,6.703,126.166,63.2,5.6,mwb,USGS/US,"7 km ESE of Talisay, Philippines"
USGS_usb000hbde,Z6,Philippine Mobile Belt,2013-06-01 14:10:06.730,7.275,124.898,10.0,5.6,mww,USGS/US,"13 km NNE of Banawa, Philippines"
USGS_usb000kdj3,Z6,Philippine Mobile Belt,2013-10-15 08:36:20.900,9.8331,124.261,6.74,5.6,mwb,USGS/US,"4 km E of Buenavista, Philippines"
USGS_usb000layi,Z6,Philippine Mobile Belt,2013-12-03 23:58:49.900,6.6241,126.1749,30.0,5.6,mwb,USGS/US,"7 km E of Tibanbang, Philippines"
USGS_usb000qxnd,Z6,Philippine Mobile Belt,2014-05-21 00:21:12.900,23.7553,121.5005,13.0,5.6,mww,USGS/US,Taiwan
USGS_usb000s1pi,Z6,Philippine Mobile Belt,2014-08-10 13:33:21.030,5.8688,127.1348,78.0,5.6,mwb,USGS/US,"119 km ESE of Pondaguitan, Philippines"
USGS_us100031xw,Z6,Philippine Mobile Belt,2015-08-13 14:08:00.070,23.9689,122.4897,17.32,5.6,mww,USGS/US,"75 km SW of Yonakuni, Japan"
USGS_us10004ehj,Z6,Philippine Mobile Belt,2016-01-14 13:14:49.150,9.6862,126.3095,35.0,5.6,mww,USGS/US,"23 km ESE of Union, Philippines"
USGS_us10004fhj,Z6,Philippine Mobile Belt,2016-01-19 02:13:27.240,22.8626,121.3206,27.1,5.6,mww,USGS/US,"92 km ESE of Yujing, Taiwan"
USGS_us200065ep,Z6,Philippine Mobile Belt,2016-06-19 18:20:50.450,20.1726,121.3782,16.0,5.6,mww,USGS/US,"68 km WSW of Basco, Philippines"
USGS_us1000j9yd,Z6,Philippine Mobile Belt,2019-03-02 19:46:21.720,18.6542,120.3562,15.68,5.6,mww,USGS/US,"30 km NW of Davila, Philippines"
USGS_us2000k89w,Z6,Philippine Mobile Belt,2019-04-01 02:16:53.597,10.6035,125.8523,50.09,5.6,mww,USGS/US,"36 km S of Sulangan, Philippines"
USGS_us70004fsk,Z6,Philippine Mobile Belt,2019-07-09 12:36:58.915,6.8138,125.1193,10.0,5.6,mww,USGS/US,"8 km W of Dolo, Philippines"
USGS_us70005ej7,Z6,Philippine Mobile Belt,2019-09-10 23:32:23.782,4.0301,126.6816,27.0,5.6,mww,USGS/US,"203 km SE of Sarangani, Philippines"
USGS_us70005hsp,Z6,Philippine Mobile Belt,2019-09-18 07:01:01.841,5.4093,126.4529,23.45,5.6,mww,USGS/US,"106 km ESE of Caburan, Philippines"
USGS_us70006424,Z6,Philippine Mobile Belt,2019-10-29 01:09:01.253,6.7869,125.0186,14.1,5.6,mb,USGS/US,"11 km E of Bual, Philippines"
USGS_us7000645k,Z6,Philippine Mobile Belt,2019-11-06 20:52:54.686,14.8741,122.7951,6.6,5.6,mww,USGS/US,"48 km ENE of Casuguran, Philippines"
USGS_us60006mdf,Z6,Philippine Mobile Belt,2019-12-05 12:24:44.024,5.3809,126.754,44.0,5.6,mww,USGS/US,"125 km SSE of Pondaguitan, Philippines"
USGS_us60006rpn,Z6,Philippine Mobile Belt,2019-12-15 07:09:20.910,6.5335,125.2599,10.0,5.6,mww,USGS/US,"9 km SSE of Kiblawan, Philippines"
USGS_us6000a2n5,Z6,Philippine Mobile Belt,2020-05-30 13:06:24.005,4.071,126.5197,28.61,5.6,mww,USGS/US,"188 km SE of Sarangani, Philippines"
USGS_us7000bql2,Z6,Philippine Mobile Belt,2020-09-20 22:13:15.030,9.2643,126.6862,9.0,5.6,mww,USGS/US,"54 km E of Cortes, Philippines"
USGS_us6000c5i4,Z6,Philippine Mobile Belt,2020-10-04 18:16:53.824,13.6082,120.7526,121.0,5.6,mww,USGS/US,"14 km WSW of Tingloy, Philippines"
USGS_us7000f4kz,Z6,Philippine Mobile Belt,2021-08-27 10:22:26.052,5.671,125.0293,54.5,5.6,mww,USGS/US,"20 km S of Malbang, Philippines"
USGS_us7000gzcf,Z6,Philippine Mobile Belt,2022-04-03 10:24:54.783,9.2559,126.6946,17.04,5.6,mww,USGS/US,"55 km E of Cortes, Philippines"
USGS_us7000h74t,Z6,Philippine Mobile Belt,2022-05-04 21:41:06.134,6.4879,127.0565,19.82,5.6,mww,USGS/US,"90 km ESE of Bobon, Philippines"
USGS_us7000i903,Z6,Philippine Mobile Belt,2022-09-18 05:19:17.747,23.0986,121.3134,11.0,5.6,mww,USGS/US,"87 km E of Yujing, Taiwan"
USGS_us6000j88f,Z6,Philippine Mobile Belt,2022-12-09 20:01:56.492,6.4472,126.1762,72.166,5.6,mww,USGS/US,"6 km ESE of Nangan, Philippines"
USGS_us7000jhuv,Z6,Philippine Mobile Belt,2023-03-07 08:47:41.810,7.6315,126.2526,10.0,5.6,mww,USGS/US,"13 km ENE of Bantacan, Philippines"
USGS_us7000jm20,Z6,Philippine Mobile Belt,2023-03-22 23:31:53.445,19.2125,121.188,17.0,5.6,mww,USGS/US,"66 km N of Namuac, Philippines"
USGS_us6000kr0e,Z6,Philippine Mobile Belt,2023-07-08 19:47:11.473,21.9267,121.5692,4.0,5.6,mww,USGS/US,"85 km E of Hengchun, Taiwan"
USGS_us7000lfia,Z6,Philippine Mobile Belt,2023-12-02 16:17:01.047,8.4904,126.7396,44.034,5.6,mb,USGS/US,"46 km ENE of Hinatuan, Philippines"
USGS_us7000lgzs,Z6,Philippine Mobile Belt,2023-12-02 17:42:16.957,8.4261,126.5207,79.813,5.6,mb,USGS/US,"21 km ENE of Hinatuan, Philippines"
USGS_us7000lfk5,Z6,Philippine Mobile Belt,2023-12-02 17:55:28.180,8.6642,126.7521,64.275,5.6,mb,USGS/US,"52 km ESE of Marihatag, Philippines"
USGS_us7000lfus,Z6,Philippine Mobile Belt,2023-12-03 10:54:55.054,8.5622,126.862,36.128,5.6,mww,USGS/US,"61 km ENE of Hinatuan, Philippines"
USGS_us6000m45x,Z6,Philippine Mobile Belt,2024-01-17 12:32:01.191,8.558,126.5225,39.0,5.6,mww,USGS/US,"29 km NE of Hinatuan, Philippines"
USGS_us7000m9gh,Z6,Philippine Mobile Belt,2024-04-03 00:35:36.982,24.1511,121.6993,15.864,5.6,mb,USGS/US,"21 km NNE of Hualien City, Taiwan"
USGS_us7000m9gp,Z6,Philippine Mobile Belt,2024-04-03 00:46:44.732,24.1702,121.7273,14.297,5.6,mww,USGS/US,"24 km NNE of Hualien City, Taiwan"
USGS_us7000mdti,Z6,Philippine Mobile Belt,2024-04-22 10:50:30.590,23.7053,121.6282,10.0,5.6,mww,USGS/US,"30 km S of Hualien City, Taiwan"
USGS_us6000mwnf,Z6,Philippine Mobile Belt,2024-05-06 09:45:30.649,23.7213,121.5958,23.605,5.6,mww,USGS/US,"28 km S of Hualien City, Taiwan"
USGS_us6000q6br,Z6,Philippine Mobile Belt,2025-04-15 21:42:42.326,5.8038,124.2362,10.0,5.6,mww,USGS/US,"37 km SSW of Maguling, Philippines"
USGS_us7000pvfd,Z6,Philippine Mobile Belt,2025-04-27 17:18:27.488,19.2068,121.1565,18.0,5.6,mww,USGS/US,"65 km N of Namuac, Philippines"
USGS_us7000px8h,Z6,Philippine Mobile Belt,2025-05-05 10:53:27.776,23.909,121.9671,27.0,5.6,mww,USGS/US,"37 km ESE of Hualien City, Taiwan"
USGS_us6000rfyw,Z6,Philippine Mobile Belt,2025-10-10 02:11:45.318,7.0145,126.7102,67.847,5.6,mb,USGS/US,"27 km ESE of San Ignacio, Philippines"
USGS_us6000s4yn,Z6,Philippine Mobile Belt,2026-01-28 08:38:47.432,6.5064,123.6429,10.0,5.6,mb,USGS/US,"43 km W of Bantogon, Philippines"
USGS_us7000s1en,Z6,Philippine Mobile Belt,2026-03-02 10:39:22.622,25.2088,124.9773,9.0,5.6,mww,USGS/US,"55 km NW of Hirara, Japan"
USGS_us7000srds,Z6,Philippine Mobile Belt,2026-06-08 04:46:42.924,4.9867,125.2095,35.0,5.6,mb,USGS/US,"54 km SSW of Sarangani, Philippines"
USGS_us7000srf8,Z6,Philippine Mobile Belt,2026-06-08 09:17:22.553,4.8051,125.2686,35.0,5.6,mb,USGS/US,"69 km SSW of Sarangani, Philippines"
USGS_us6000tif5,Z6,Philippine Mobile Belt,2026-08-05 21:41:27.701,5.117,125.2281,10.0,5.6,mww,USGS/US,"41 km SW of Sarangani, Philippines"
USGS_usp000jk6x,Z6,Philippine Mobile Belt,2012-05-09 04:35:00.110,6.232,127.45,39.0,5.5,mb,USGS/US,"141 km E of Pondaguitan, Philippines"
USGS_usp000jmdc,Z6,Philippine Mobile Belt,2012-06-06 01:08:35.520,22.357,121.428,24.3,5.5,mwb,USGS/US,"80 km ENE of Hengchun, Taiwan"
USGS_usp000jwgq,Z6,Philippine Mobile Belt,2012-12-06 00:43:24.100,10.974,126.638,30.6,5.5,mwc,USGS/US,"88 km E of Sulangan, Philippines"
USGS_usb000fgws,Z6,Philippine Mobile Belt,2013-03-07 03:36:46.090,24.31,121.49,15.2,5.5,mww,USGS/US,"38 km NNW of Hualien City, Taiwan"
USGS_usb000fwb9,Z6,Philippine Mobile Belt,2013-03-30 01:50:40.050,10.032,126.247,10.0,5.5,mww,USGS/US,"22 km E of Santa Monica, Philippines"
USGS_usb000gagm,Z6,Philippine Mobile Belt,2013-04-18 14:08:35.420,24.924,123.356,10.0,5.5,mwc,USGS/US,"62 km NE of Yonakuni, Japan"
USGS_usb000hby6,Z6,Philippine Mobile Belt,2013-06-02 20:08:26.590,7.282,124.928,10.0,5.5,mwb,USGS/US,"13 km NNW of Linao, Philippines"
USGS_usc000hixy,Z6,Philippine Mobile Belt,2013-06-08 02:11:57.470,10.644,126.792,29.2,5.5,mb,USGS/US,"107 km NE of Santa Monica, Philippines"
USGS_usc000mruf,Z6,Philippine Mobile Belt,2014-02-17 05:55:59.160,18.5285,120.4305,20.23,5.5,mww,USGS/US,"16 km WNW of Davila, Philippines"
USGS_usb000sif9,Z6,Philippine Mobile Belt,2014-10-03 08:05:44.270,11.3267,122.1187,19.45,5.5,mwb,USGS/US,"7 km E of San Francisco, Philippines"
USGS_usb000squk,Z6,Philippine Mobile Belt,2014-10-27 08:34:20.850,9.7575,126.7514,46.09,5.5,mwc,USGS/US,"70 km E of Union, Philippines"
USGS_usc000taxu,Z6,Philippine Mobile Belt,2014-12-31 09:26:22.450,13.7483,120.6673,110.0,5.5,mwb,USGS/US,"10 km SSE of Calatagan, Philippines"
USGS_usc000th7m,Z6,Philippine Mobile Belt,2015-01-19 17:19:45.650,4.6079,119.7571,11.0,5.5,mww,USGS/US,"23 km SSW of Manuk Mangkaw, Philippines"
USGS_us10001ps8,Z6,Philippine Mobile Belt,2015-03-23 10:13:50.880,23.7235,121.75,35.0,5.5,mww,USGS/US,Taiwan
USGS_us20003pci,Z6,Philippine Mobile Belt,2015-09-26 17:23:26.830,5.2649,123.7966,516.0,5.5,mwb,USGS/US,"112 km SSW of Malisbeng, Philippines"
USGS_us2000417s,Z6,Philippine Mobile Belt,2015-11-01 21:09:40.750,22.7548,121.6561,7.0,5.5,mww,USGS/US,"125 km NE of Hengchun, Taiwan"
USGS_us10003vl4,Z6,Philippine Mobile Belt,2015-11-07 19:40:13.550,16.4895,119.8464,37.0,5.5,mww,USGS/US,"11 km NW of Binabalian, Philippines"
USGS_us10004taw,Z6,Philippine Mobile Belt,2016-02-28 09:06:25.650,5.2757,125.3322,175.44,5.5,mww,USGS/US,"20 km SW of Sarangani, Philippines"
USGS_us20005a5n,Z6,Philippine Mobile Belt,2016-03-16 13:09:52.810,4.725,125.1481,10.0,5.5,mww,USGS/US,"82 km SSW of Sarangani, Philippines"
USGS_us10005bxy,Z6,Philippine Mobile Belt,2016-04-27 15:17:14.440,24.2309,121.8009,13.0,5.5,mww,USGS/US,"34 km NE of Hualien City, Taiwan"
USGS_us10008fsc,Z6,Philippine Mobile Belt,2017-04-08 07:07:56.660,13.7049,120.9305,10.22,5.5,mww,USGS/US,"3 km S of Talaga, Philippines"
USGS_us10008h1u,Z6,Philippine Mobile Belt,2017-04-12 20:01:05.640,7.7228,124.8623,10.0,5.5,mww,USGS/US,"9 km S of Adtugan, Philippines"
USGS_us10008hb9,Z6,Philippine Mobile Belt,2017-04-13 16:05:46.660,5.7278,127.3001,10.0,5.5,mww,USGS/US,"142 km ESE of Pondaguitan, Philippines"
USGS_us1000cfnf,Z6,Philippine Mobile Belt,2018-02-04 14:13:12.140,24.1256,121.7641,9.14,5.5,mww,USGS/US,"23 km NE of Hualien City, Taiwan"
USGS_us2000h5z6,Z6,Philippine Mobile Belt,2018-08-31 14:40:27.470,13.5571,120.8426,116.3,5.5,mww,USGS/US,"9 km NNE of Odala, Philippines"
USGS_us2000j0yp,Z6,Philippine Mobile Belt,2019-01-07 03:11:54.280,7.8663,121.9502,19.43,5.5,mww,USGS/US,"27 km NW of Siocon, Philippines"
USGS_us2000j85q,Z6,Philippine Mobile Belt,2019-01-24 08:34:52.310,19.2411,121.1371,19.0,5.5,mww,USGS/US,"69 km N of Namuac, Philippines"
USGS_us2000je43,Z6,Philippine Mobile Belt,2019-02-06 10:25:20.540,15.858,120.6186,130.2,5.5,mww,USGS/US,"1 km NNE of Guiling, Philippines"
USGS_us1000jgvf,Z6,Philippine Mobile Belt,2019-03-15 23:07:56.585,6.2517,125.3722,90.11,5.5,mww,USGS/US,"8 km ESE of Manga, Philippines"
USGS_us70003h71,Z6,Philippine Mobile Belt,2019-05-06 02:48:42.702,18.7345,120.8764,35.0,5.5,mww,USGS/US,"21 km NNE of Pagudpud, Philippines"
USGS_us70003v7s,Z6,Philippine Mobile Belt,2019-06-04 09:46:18.374,22.9032,121.6864,10.0,5.5,mww,USGS/US,"119 km S of Hualien City, Taiwan"
USGS_us70003w0p,Z6,Philippine Mobile Belt,2019-06-05 20:41:49.574,6.4759,124.1678,470.06,5.5,mww,USGS/US,"9 km E of Kulaman, Philippines"
USGS_us6000bdq1,Z6,Philippine Mobile Belt,2020-08-12 22:32:38.305,19.8876,121.2803,10.0,5.5,mww,USGS/US,"95 km SW of Basco, Philippines"
USGS_us7000detx,Z6,Philippine Mobile Belt,2021-03-02 09:23:02.046,21.9305,121.2921,31.63,5.5,mww,USGS/US,"57 km E of Hengchun, Taiwan"
USGS_us6000e2mt,Z6,Philippine Mobile Belt,2021-04-18 14:11:38.411,23.7895,121.5649,10.0,5.5,mb,USGS/US,"21 km S of Hualien City, Taiwan"
USGS_us6000gbu7,Z6,Philippine Mobile Belt,2021-12-13 09:12:33.433,13.6205,120.7577,133.39,5.5,mww,USGS/US,"Mindoro, Philippines"
USGS_us7000gkf7,Z6,Philippine Mobile Belt,2022-02-13 04:36:17.787,19.1297,121.173,28.22,5.5,mww,USGS/US,"57 km N of Namuac, Philippines"
USGS_us7000gmgl,Z6,Philippine Mobile Belt,2022-02-20 18:29:27.263,6.0071,126.6453,58.12,5.5,mww,USGS/US,"64 km SE of Pondaguitan, Philippines"
USGS_us6000h6s3,Z6,Philippine Mobile Belt,2022-03-22 19:35:03.930,23.5048,121.542,24.0,5.5,mwr,USGS/US,"52 km S of Hualien City, Taiwan"
USGS_us7000hefw,Z6,Philippine Mobile Belt,2022-06-02 18:54:31.063,9.0182,126.5097,38.76,5.5,mww,USGS/US,"26 km ENE of Bacolod, Philippines"
USGS_us6000i7d8,Z6,Philippine Mobile Belt,2022-08-02 05:24:27.762,6.8333,123.7663,20.0,5.5,mww,USGS/US,"28 km W of Gadung, Philippines"
USGS_us7000i8v9,Z6,Philippine Mobile Belt,2022-09-17 14:45:27.429,22.9547,121.2227,10.0,5.5,mww,USGS/US,Taiwan region
USGS_us7000i96l,Z6,Philippine Mobile Belt,2022-09-19 02:07:42.832,23.371,121.4499,9.0,5.5,mww,USGS/US,"68 km SSW of Hualien City, Taiwan"
USGS_us6000isjn,Z6,Philippine Mobile Belt,2022-10-10 19:24:39.976,23.9304,122.2867,15.0,5.5,mww,USGS/US,"69 km E of Hualien City, Taiwan"
USGS_us6000iust,Z6,Philippine Mobile Belt,2022-10-19 08:05:40.546,6.7327,125.1351,34.0,5.5,mww,USGS/US,"6 km SW of Magsaysay, Philippines"
USGS_us7000k96f,Z6,Philippine Mobile Belt,2023-06-17 10:15:20.647,19.1623,121.2038,36.349,5.5,mww,USGS/US,"61 km N of Namuac, Philippines"
USGS_us7000lfhj,Z6,Philippine Mobile Belt,2023-12-02 15:31:29.616,8.4758,126.7648,66.805,5.5,mb,USGS/US,"48 km ENE of Hinatuan, Philippines"
USGS_us7000lfnu,Z6,Philippine Mobile Belt,2023-12-02 22:35:41.644,8.3688,126.8873,26.181,5.5,mb,USGS/US,"55 km ENE of Barcelona, Philippines"
USGS_us7000lfui,Z6,Philippine Mobile Belt,2023-12-03 10:53:05.442,8.2897,127.0525,39.402,5.5,mb,USGS/US,"69 km ENE of Barcelona, Philippines"
USGS_us7000lg0q,Z6,Philippine Mobile Belt,2023-12-04 01:07:50.505,8.4547,126.8072,66.391,5.5,mww,USGS/US,"52 km NE of Barcelona, Philippines"
USGS_us7000lgdg,Z6,Philippine Mobile Belt,2023-12-05 09:42:52.100,9.0999,126.6497,26.021,5.5,mww,USGS/US,"43 km ENE of Bacolod, Philippines"
USGS_us6000mt1n,Z6,Philippine Mobile Belt,2024-04-22 20:49:57.856,23.6539,121.6164,17.0,5.5,mww,USGS/US,"35 km S of Hualien City, Taiwan"
USGS_us7000mxek,Z6,Philippine Mobile Belt,2024-07-06 10:29:30.724,19.2455,121.2112,15.0,5.5,mww,USGS/US,"70 km N of Namuac, Philippines"
USGS_us6000pge2,Z6,Philippine Mobile Belt,2024-12-30 02:56:16.807,18.4391,120.9038,34.0,5.5,mww,USGS/US,"18 km SE of Bangui, Philippines"
USGS_us6000pybu,Z6,Philippine Mobile Belt,2025-03-12 15:09:44.490,8.3112,127.3806,9.0,5.5,mww,USGS/US,"105 km E of Barcelona, Philippines"
USGS_us7000pvfb,Z6,Philippine Mobile Belt,2025-04-27 16:54:25.986,19.2094,121.0904,20.0,5.5,mww,USGS/US,"66 km N of Claveria, Philippines"
USGS_us7000qdxz,Z6,Philippine Mobile Belt,2025-07-20 05:45:33.448,19.6495,121.5052,45.853,5.5,mww,USGS/US,"100 km SSW of Basco, Philippines"
USGS_us6000qyt7,Z6,Philippine Mobile Belt,2025-08-07 07:45:05.200,24.6133,122.9664,113.505,5.5,mww,USGS/US,"16 km NNW of Yonakuni, Japan"
USGS_us6000rg02,Z6,Philippine Mobile Belt,2025-10-10 03:32:16.463,7.073,126.8243,72.22,5.5,mb,USGS/US,"35 km ESE of Manay, Philippines"
USGS_us6000rgj4,Z6,Philippine Mobile Belt,2025-10-11 10:27:20.842,7.2849,126.8271,31.0,5.5,mww,USGS/US,"28 km E of Santiago, Philippines"
USGS_us6000rgz6,Z6,Philippine Mobile Belt,2025-10-14 02:00:11.014,7.3744,127.0611,35.0,5.5,mww,USGS/US,"53 km E of Baculin, Philippines"
USGS_us6000rl2n,Z6,Philippine Mobile Belt,2025-11-02 19:06:53.955,9.6799,122.7895,114.908,5.5,mww,USGS/US,"13 km WSW of Mabinay, Philippines"
USGS_us6000rvmn,Z6,Philippine Mobile Belt,2025-12-18 07:27:44.896,19.9353,121.2672,18.0,5.5,mww,USGS/US,"92 km SW of Basco, Philippines"
USGS_us6000svp9,Z6,Philippine Mobile Belt,2026-05-06 15:35:49.132,7.5271,126.7728,29.0,5.5,mww,USGS/US,"22 km ENE of Baculin, Philippines"
USGS_us6000szxz,Z6,Philippine Mobile Belt,2026-05-24 16:48:40.991,9.2772,126.2883,34.129,5.5,mww,USGS/US,"10 km E of Cortes, Philippines"
USGS_us7000sre1,Z6,Philippine Mobile Belt,2026-06-08 05:12:04.500,5.2936,125.4095,55.864,5.5,mb,USGS/US,"13 km SSW of Sarangani, Philippines"
USGS_us7000srfx,Z6,Philippine Mobile Belt,2026-06-08 11:22:33.435,5.5916,125.206,88.29,5.5,mb,USGS/US,"14 km SW of Pangyan, Philippines"
USGS_us7000st48,Z6,Philippine Mobile Belt,2026-06-15 15:30:24.301,5.658,125.2309,71.967,5.5,mww,USGS/US,"7 km SSW of Burias, Philippines"
USGS_us6000tnbm,Z6,Philippine Mobile Belt,2026-08-25 07:00:10.853,22.6053,121.5709,14.608,5.5,mww,USGS/US,"108 km NE of Hengchun, Taiwan"
USGS_us7000j36j,Z7,Sulawesi - Molucca Sea - Banda Arc,2023-01-09 17:47:35.037,-7.0586,130.009,104.95,7.6,mww,USGS/US,"Pulau Pulau Tanimbar, Indonesia"
USGS_us1000h3p4,Z7,Sulawesi - Molucca Sea - Banda Arc,2018-09-28 10:02:45.250,-0.2559,119.8462,20.0,7.5,mww,USGS/US,"72 km N of Palu, Indonesia"
USGS_us6000slss,Z7,Sulawesi - Molucca Sea - Banda Arc,2026-04-01 22:48:13.063,1.0931,126.2354,35.0,7.4,mww,USGS/US,"129 km ESE of Bitung, Indonesia"
USGS_us600044zz,Z7,Sulawesi - Molucca Sea - Banda Arc,2019-06-24 02:53:39.830,-6.4078,129.1692,212.0,7.3,mww,USGS/US,Banda Sea
USGS_us7000g7lx,Z7,Sulawesi - Molucca Sea - Banda Arc,2021-12-29 18:25:51.962,-7.5482,127.5773,165.49,7.3,mww,USGS/US,"125 km NNE of Lospalos, Timor Leste"
USGS_us70004jyv,Z7,Sulawesi - Molucca Sea - Banda Arc,2019-07-14 09:10:51.523,-0.5858,128.034,18.98,7.2,mww,USGS/US,"155 km SSE of Sofifi, Indonesia"
USGS_usp000jwt8,Z7,Sulawesi - Molucca Sea - Banda Arc,2012-12-10 16:53:08.770,-6.533,129.825,155.0,7.1,mww,USGS/US,Banda Sea
USGS_usc000sxh8,Z7,Sulawesi - Molucca Sea - Banda Arc,2014-11-15 02:31:41.720,1.8929,126.5217,45.0,7.1,mww,USGS/US,"155 km NW of Ternate, Indonesia"
USGS_us60006bjl,Z7,Sulawesi - Molucca Sea - Banda Arc,2019-11-14 16:17:40.578,1.6213,126.4156,33.0,7.1,mww,USGS/US,"141 km NW of Ternate, Indonesia"
USGS_us7000l9h4,Z7,Sulawesi - Molucca Sea - Banda Arc,2023-11-08 04:53:49.631,-6.416,129.5466,6.0,7.1,mww,USGS/US,Banda Sea
USGS_us7000d20e,Z7,Sulawesi - Molucca Sea - Banda Arc,2021-01-21 12:23:04.255,4.9931,127.5145,80.0,7.0,mww,USGS/US,"211 km SE of Pondaguitan, Philippines"
USGS_us7000j553,Z7,Sulawesi - Molucca Sea - Banda Arc,2023-01-18 06:06:11.454,2.7306,127.0221,29.708,7.0,mwc,USGS/US,"156 km NW of Tobelo, Indonesia"
USGS_us20004ft7,Z7,Sulawesi - Molucca Sea - Banda Arc,2015-12-09 10:21:48.530,-4.1064,129.5079,21.0,6.9,mww,USGS/US,"107 km SE of Amahai, Indonesia"
USGS_us70004dz3,Z7,Sulawesi - Molucca Sea - Banda Arc,2019-07-07 15:08:40.525,0.5126,126.1892,35.0,6.9,mww,USGS/US,"136 km WSW of Ternate, Indonesia"
USGS_usb000t08w,Z7,Sulawesi - Molucca Sea - Banda Arc,2014-11-26 14:33:43.640,1.9604,126.5751,39.0,6.8,mww,USGS/US,"157 km NW of Ternate, Indonesia"
USGS_us700034xq,Z7,Sulawesi - Molucca Sea - Banda Arc,2019-04-12 11:40:49.363,-1.8146,122.5798,15.46,6.8,mww,USGS/US,"Sulawesi, Indonesia"
USGS_us70009b14,Z7,Sulawesi - Molucca Sea - Banda Arc,2020-05-06 13:53:55.940,-6.7761,129.7852,96.0,6.8,mww,USGS/US,Banda Sea
USGS_usp000jjaq,Z7,Sulawesi - Molucca Sea - Banda Arc,2012-04-21 01:16:52.740,-1.617,134.276,16.0,6.7,mww,USGS/US,"86 km SSE of Manokwari, Indonesia"
USGS_us10007lkw,Z7,Sulawesi - Molucca Sea - Banda Arc,2016-12-21 00:17:14.990,-7.5082,127.9206,152.0,6.7,mww,USGS/US,"151 km NE of Lospalos, Timor Leste"
USGS_us7000l9h2,Z7,Sulawesi - Molucca Sea - Banda Arc,2023-11-08 04:52:51.393,-6.4442,129.7518,10.0,6.7,mwb,USGS/US,Banda Sea
USGS_us7000l9ku,Z7,Sulawesi - Molucca Sea - Banda Arc,2023-11-08 13:02:06.115,-6.131,129.8738,10.0,6.7,mww,USGS/US,Banda Sea
USGS_us7000qcik,Z7,Sulawesi - Molucca Sea - Banda Arc,2025-07-14 05:49:58.119,-6.2201,131.2331,70.687,6.7,mww,USGS/US,"180 km WSW of Tual, Indonesia"
USGS_us7000st95,Z7,Sulawesi - Molucca Sea - Banda Arc,2026-06-16 03:27:44.276,-1.1735,120.125,11.0,6.7,mww,USGS/US,"40 km SE of Palu, Indonesia"
USGS_usp000jqrz,Z7,Sulawesi - Molucca Sea - Banda Arc,2012-08-26 15:05:37.080,2.19,126.837,91.1,6.6,mww,USGS/US,"140 km WNW of Tobelo, Indonesia"
USGS_usp000jtvw,Z7,Sulawesi - Molucca Sea - Banda Arc,2012-10-12 00:31:28.270,-4.892,134.03,13.0,6.6,mww,USGS/US,"163 km ENE of Tual, Indonesia"
USGS_us20003nqr,Z7,Sulawesi - Molucca Sea - Banda Arc,2015-09-24 15:53:27.740,-0.6212,131.2622,18.0,6.6,mww,USGS/US,"28 km N of Sorong, Indonesia"
USGS_us10008w1z,Z7,Sulawesi - Molucca Sea - Banda Arc,2017-05-29 14:35:21.510,-1.2923,120.4313,12.0,6.6,mww,USGS/US,"37 km WNW of Poso, Indonesia"
USGS_us2000j0uj,Z7,Sulawesi - Molucca Sea - Banda Arc,2019-01-06 17:27:18.980,2.258,126.758,43.21,6.6,mww,USGS/US,Molucca Sea
USGS_usb000jelf,Z7,Sulawesi - Molucca Sea - Banda Arc,2013-09-01 11:52:29.930,-7.44,128.2209,112.0,6.5,mww,USGS/US,"180 km NE of Lospalos, Timor Leste"
USGS_usb000syhz,Z7,Sulawesi - Molucca Sea - Banda Arc,2014-11-21 10:10:19.630,2.2999,127.0562,35.0,6.5,mww,USGS/US,"123 km WNW of Tobelo, Indonesia"
USGS_us10004dj5,Z7,Sulawesi - Molucca Sea - Banda Arc,2016-01-11 16:38:05.900,3.8965,126.8621,13.0,6.5,mww,USGS/US,"227 km SE of Sarangani, Philippines"
USGS_us70005lfd,Z7,Sulawesi - Molucca Sea - Banda Arc,2019-09-25 23:46:43.543,-3.4528,128.3699,12.26,6.5,mww,USGS/US,"33 km NE of Ambon, Indonesia"
USGS_usb000l8mb,Z7,Sulawesi - Molucca Sea - Banda Arc,2013-12-01 01:24:13.520,-7.0269,128.3791,9.87,6.4,mww,USGS/US,"224 km NE of Lospalos, Timor Leste"
USGS_us1000d8xh,Z7,Sulawesi - Molucca Sea - Banda Arc,2018-03-25 20:14:47.690,-6.6343,129.8172,169.0,6.4,mww,USGS/US,Banda Sea
USGS_us1000hzjp,Z7,Sulawesi - Molucca Sea - Banda Arc,2018-12-01 13:27:21.080,-7.3841,128.7065,136.0,6.4,mww,USGS/US,"226 km NE of Lospalos, Timor Leste"
USGS_us6000a5r3,Z7,Sulawesi - Molucca Sea - Banda Arc,2020-06-04 08:49:40.397,2.911,128.248,112.86,6.4,mww,USGS/US,"133 km NNE of Tobelo, Indonesia"
USGS_us7000maxr,Z7,Sulawesi - Molucca Sea - Banda Arc,2024-04-09 09:47:59.810,2.6982,127.0624,22.0,6.4,mww,USGS/US,"150 km NW of Tobelo, Indonesia"
USGS_us6000rjx3,Z7,Sulawesi - Molucca Sea - Banda Arc,2025-10-28 14:40:18.481,-6.7001,129.9887,142.0,6.4,mww,USGS/US,Banda Sea
USGS_us7000rnwd,Z7,Sulawesi - Molucca Sea - Banda Arc,2026-01-10 14:58:23.726,3.7767,126.9922,31.0,6.4,mww,USGS/US,"247 km SE of Sarangani, Philippines"
USGS_usp000jqf3,Z7,Sulawesi - Molucca Sea - Banda Arc,2012-08-18 09:41:52.450,-1.315,120.096,10.0,6.3,mww,USGS/US,"51 km SSE of Palu, Indonesia"
USGS_usc000t8vq,Z7,Sulawesi - Molucca Sea - Banda Arc,2014-12-21 11:34:13.570,2.0892,126.6483,41.0,6.3,mww,USGS/US,"156 km WNW of Tobelo, Indonesia"
USGS_us20003jwc,Z7,Sulawesi - Molucca Sea - Banda Arc,2015-09-16 07:40:58.690,1.8841,126.4288,41.55,6.3,mww,USGS/US,"161 km NW of Ternate, Indonesia"
USGS_us2000626m,Z7,Sulawesi - Molucca Sea - Banda Arc,2016-06-05 16:25:33.540,-4.587,125.6264,429.62,6.3,mww,USGS/US,Banda Sea
USGS_us200062l9,Z7,Sulawesi - Molucca Sea - Banda Arc,2016-06-07 19:15:15.330,1.2789,126.3712,31.0,6.3,mww,USGS/US,"125 km WNW of Ternate, Indonesia"
USGS_us6000ez5x,Z7,Sulawesi - Molucca Sea - Banda Arc,2021-07-26 12:09:06.655,-0.7679,121.9083,11.0,6.3,mww,USGS/US,"99 km WNW of Luwuk, Indonesia"
USGS_us6000jr32,Z7,Sulawesi - Molucca Sea - Banda Arc,2023-02-23 20:02:47.541,3.2796,128.1356,92.0,6.3,mww,USGS/US,"172 km N of Tobelo, Indonesia"
USGS_us6000qugg,Z7,Sulawesi - Molucca Sea - Banda Arc,2025-07-23 20:50:43.792,0.4411,122.0874,142.0,6.3,mww,USGS/US,"109 km W of Gorontalo, Indonesia"
USGS_us6000slwy,Z7,Sulawesi - Molucca Sea - Banda Arc,2026-04-02 03:23:52.561,1.1667,126.4787,28.0,6.3,mww,USGS/US,"109 km WNW of Ternate, Indonesia"
USGS_usb000s0r6,Z7,Sulawesi - Molucca Sea - Banda Arc,2014-08-06 11:45:22.680,-7.2741,128.0364,10.0,6.2,mww,USGS/US,"179 km NE of Lospalos, Timor Leste"
USGS_usb000say6,Z7,Sulawesi - Molucca Sea - Banda Arc,2014-09-10 02:46:06.430,-0.2422,125.104,35.0,6.2,mww,USGS/US,"172 km S of Tondano, Indonesia"
USGS_us10001nab,Z7,Sulawesi - Molucca Sea - Banda Arc,2015-03-17 22:12:28.940,1.6686,126.5217,44.0,6.2,mww,USGS/US,"136 km NW of Ternate, Indonesia"
USGS_us70006c6w,Z7,Sulawesi - Molucca Sea - Banda Arc,2019-11-23 12:11:15.564,1.6436,132.8148,5.0,6.2,mww,USGS/US,"241 km SE of Tobi Village, Palau"
USGS_us7000d030,Z7,Sulawesi - Molucca Sea - Banda Arc,2021-01-14 18:28:18.093,-2.9717,118.8899,18.0,6.2,mww,USGS/US,"32 km S of Mamuju, Indonesia"
USGS_us7000e9bi,Z7,Sulawesi - Molucca Sea - Banda Arc,2021-06-03 10:09:58.295,0.3165,126.2911,26.0,6.2,mww,USGS/US,"132 km WSW of Ternate, Indonesia"
USGS_us7000hcwg,Z7,Sulawesi - Molucca Sea - Banda Arc,2022-05-27 02:36:05.556,-8.2572,127.2079,49.0,6.2,mww,USGS/US,"37 km NE of Lospalos, Timor Leste"
USGS_us6000k6ai,Z7,Sulawesi - Molucca Sea - Banda Arc,2023-04-22 08:23:42.033,-5.2611,125.585,4.0,6.2,mww,USGS/US,Banda Sea
USGS_us7000k3h5,Z7,Sulawesi - Molucca Sea - Banda Arc,2023-05-24 15:49:34.402,-6.9484,129.5293,158.0,6.2,mww,USGS/US,Banda Sea
USGS_us7000pu62,Z7,Sulawesi - Molucca Sea - Banda Arc,2025-04-22 10:17:11.888,4.5538,127.831,104.0,6.2,mww,USGS/US,"271 km SE of Pondaguitan, Philippines"
USGS_us6000sxqf,Z7,Sulawesi - Molucca Sea - Banda Arc,2026-05-14 17:53:13.718,-6.1497,130.3809,137.0,6.2,mww,USGS/US,"268 km WSW of Tual, Indonesia"
USGS_us6000t9r5,Z7,Sulawesi - Molucca Sea - Banda Arc,2026-07-03 02:31:27.674,1.7826,127.4596,107.0,6.2,mww,USGS/US,"61 km W of Tobelo, Indonesia"
USGS_usp000jtqw,Z7,Sulawesi - Molucca Sea - Banda Arc,2012-10-08 11:43:31.420,-4.472,129.129,10.0,6.1,mww,USGS/US,"127 km S of Amahai, Indonesia"
USGS_usp000jx2e,Z7,Sulawesi - Molucca Sea - Banda Arc,2012-12-17 09:16:30.900,-0.649,123.807,44.2,6.1,mww,USGS/US,"118 km ENE of Luwuk, Indonesia"
USGS_us10001mm0,Z7,Sulawesi - Molucca Sea - Banda Arc,2015-03-15 23:17:16.910,-0.5409,122.3067,31.0,6.1,mww,USGS/US,"70 km NW of Luwuk, Indonesia"
USGS_us1000402t,Z7,Sulawesi - Molucca Sea - Banda Arc,2015-11-21 09:06:13.460,-7.1484,129.9375,82.0,6.1,mww,USGS/US,"Kepulauan Babar, Indonesia"
USGS_us100048hc,Z7,Sulawesi - Molucca Sea - Banda Arc,2015-12-20 18:47:36.610,3.6455,117.6359,14.0,6.1,mww,USGS/US,"37 km N of Tarakan, Indonesia"
USGS_us1000ayz8,Z7,Sulawesi - Molucca Sea - Banda Arc,2017-10-31 11:50:48.370,-3.7449,127.7517,6.0,6.1,mww,USGS/US,"48 km W of Ambon, Indonesia"
USGS_us2000d855,Z7,Sulawesi - Molucca Sea - Banda Arc,2018-02-26 13:34:53.530,-2.7774,126.6859,9.0,6.1,mww,USGS/US,"194 km WNW of Ambon, Indonesia"
USGS_us1000h3mf,Z7,Sulawesi - Molucca Sea - Banda Arc,2018-09-28 06:59:59.740,-0.4009,119.7705,4.99,6.1,mww,USGS/US,"57 km NNW of Palu, Indonesia"
USGS_us1000jkwi,Z7,Sulawesi - Molucca Sea - Banda Arc,2019-03-24 04:37:35.918,1.6601,126.3955,45.0,6.1,mww,USGS/US,"146 km NW of Ternate, Indonesia"
USGS_us60007arp,Z7,Sulawesi - Molucca Sea - Banda Arc,2020-01-19 16:58:20.002,-0.1042,123.8025,121.72,6.1,mww,USGS/US,"108 km SE of Gorontalo, Indonesia"
USGS_us6000d29t,Z7,Sulawesi - Molucca Sea - Banda Arc,2020-12-23 18:11:47.762,6.2544,133.6362,11.0,6.1,mww,USGS/US,"90 km SW of Angaur State, Palau"
USGS_us6000d69r,Z7,Sulawesi - Molucca Sea - Banda Arc,2021-01-06 20:59:34.315,0.0658,122.9487,148.0,6.1,mww,USGS/US,"53 km SSW of Gorontalo, Indonesia"
USGS_us6000etxj,Z7,Sulawesi - Molucca Sea - Banda Arc,2021-07-10 00:43:55.986,2.9494,126.4984,44.33,6.1,mww,USGS/US,"215 km NW of Tobelo, Indonesia"
USGS_us6000jpl7,Z7,Sulawesi - Molucca Sea - Banda Arc,2023-02-17 09:37:34.656,-6.6176,132.106,39.742,6.1,mww,USGS/US,"130 km SSW of Tual, Indonesia"
USGS_us7000la7r,Z7,Sulawesi - Molucca Sea - Banda Arc,2023-11-10 20:45:11.772,-6.0976,130.0606,9.969,6.1,mww,USGS/US,Banda Sea
USGS_us6000mwjd,Z7,Sulawesi - Molucca Sea - Banda Arc,2024-05-05 18:33:11.021,-3.3167,130.9618,16.0,6.1,mww,USGS/US,"154 km WSW of Fakfak, Indonesia"
USGS_us7000nhex,Z7,Sulawesi - Molucca Sea - Banda Arc,2024-10-01 09:28:05.313,-5.9828,124.8988,576.0,6.1,mww,USGS/US,"260 km ESE of Baubau, Indonesia"
USGS_us6000pvgx,Z7,Sulawesi - Molucca Sea - Banda Arc,2025-02-25 22:55:45.917,0.3994,124.8407,21.726,6.1,mww,USGS/US,"45 km E of Modisi, Indonesia"
USGS_usp000jjat,Z7,Sulawesi - Molucca Sea - Banda Arc,2012-04-21 01:25:13.200,-1.635,134.197,17.4,6.0,mwc,USGS/US,"86 km S of Manokwari, Indonesia"
USGS_usp000jwu3,Z7,Sulawesi - Molucca Sea - Banda Arc,2012-12-11 06:18:27.330,0.533,126.231,30.0,6.0,mww,USGS/US,Molucca Sea
USGS_usb000j0vl,Z7,Sulawesi - Molucca Sea - Banda Arc,2013-08-12 00:53:43.980,-7.1354,129.8088,95.0,6.0,mww,USGS/US,"Kepulauan Babar, Indonesia"
USGS_usb000l219,Z7,Sulawesi - Molucca Sea - Banda Arc,2013-11-19 13:32:51.230,2.6403,128.4339,38.0,6.0,mww,USGS/US,"111 km NNE of Tobelo, Indonesia"
USGS_usc000t4bd,Z7,Sulawesi - Molucca Sea - Banda Arc,2014-12-06 22:05:10.730,-6.11,130.4829,116.0,6.0,mww,USGS/US,Banda Sea
USGS_us20002m5s,Z7,Sulawesi - Molucca Sea - Banda Arc,2015-06-04 23:15:43.910,5.9867,116.5409,10.0,6.0,mww,USGS/US,"14 km WNW of Ranau, Malaysia"
USGS_us200050wc,Z7,Sulawesi - Molucca Sea - Banda Arc,2016-02-17 17:26:02.210,0.8597,129.0605,9.0,6.0,mww,USGS/US,"151 km SE of Tobelo, Indonesia"
USGS_us2000e0mq,Z7,Sulawesi - Molucca Sea - Banda Arc,2018-04-15 19:30:43.200,1.4083,126.8759,34.0,6.0,mww,USGS/US,"88 km NW of Ternate, Indonesia"
USGS_us60006bpw,Z7,Sulawesi - Molucca Sea - Banda Arc,2019-11-14 21:12:54.753,1.5361,126.4161,23.0,6.0,mww,USGS/US,"135 km NW of Ternate, Indonesia"
USGS_us600084gu,Z7,Sulawesi - Molucca Sea - Banda Arc,2020-02-26 07:33:12.952,-7.4887,131.1196,54.0,6.0,mww,USGS/US,"273 km SW of Tual, Indonesia"
USGS_us70008peg,Z7,Sulawesi - Molucca Sea - Banda Arc,2020-04-05 18:37:10.876,1.395,126.4381,42.0,6.0,mww,USGS/US,"124 km WNW of Ternate, Indonesia"
USGS_us6000ah1z,Z7,Sulawesi - Molucca Sea - Banda Arc,2020-06-23 07:43:29.219,0.0368,123.7866,109.0,6.0,mww,USGS/US,"97 km SE of Gorontalo, Indonesia"
USGS_us6000f1ea,Z7,Sulawesi - Molucca Sea - Banda Arc,2021-08-02 05:01:19.974,-4.499,133.958,10.0,6.0,mww,USGS/US,"182 km NE of Tual, Indonesia"
USGS_us7000fs08,Z7,Sulawesi - Molucca Sea - Banda Arc,2021-11-06 14:37:36.731,-0.0451,124.2812,34.0,6.0,mww,USGS/US,"150 km ESE of Gorontalo, Indonesia"
USGS_us7000ft0f,Z7,Sulawesi - Molucca Sea - Banda Arc,2021-11-10 17:46:40.379,-4.3244,134.1805,10.0,6.0,mww,USGS/US,"181 km SW of Nabire, Indonesia"
USGS_us6000g944,Z7,Sulawesi - Molucca Sea - Banda Arc,2021-12-04 23:47:55.581,4.0932,128.1359,149.0,6.0,mww,USGS/US,"261 km N of Tobelo, Indonesia"
USGS_us7000g90c,Z7,Sulawesi - Molucca Sea - Banda Arc,2022-01-04 20:55:46.858,-4.8065,125.0808,544.0,6.0,mww,USGS/US,"284 km E of Katabu, Indonesia"
USGS_us7000ge38,Z7,Sulawesi - Molucca Sea - Banda Arc,2022-01-22 02:26:13.323,3.6724,126.6596,21.0,6.0,mww,USGS/US,"232 km SE of Sarangani, Philippines"
USGS_us7000gh1g,Z7,Sulawesi - Molucca Sea - Banda Arc,2022-02-01 19:25:10.031,-7.483,128.3132,119.0,6.0,mww,USGS/US,"184 km NE of Lospalos, Timor Leste"
USGS_us7000j511,Z7,Sulawesi - Molucca Sea - Banda Arc,2023-01-18 00:34:45.151,-0.0116,123.1998,154.0,6.0,mww,USGS/US,"62 km SSE of Gorontalo, Indonesia"
USGS_us7000kulj,Z7,Sulawesi - Molucca Sea - Banda Arc,2023-09-09 14:43:24.563,0.0018,119.7663,13.0,6.0,mww,USGS/US,"101 km N of Palu, Indonesia"
USGS_us7000kv0k,Z7,Sulawesi - Molucca Sea - Banda Arc,2023-09-11 12:51:33.104,1.1246,127.4888,151.0,6.0,mww,USGS/US,"38 km NNE of Ternate, Indonesia"
USGS_us6000lpyx,Z7,Sulawesi - Molucca Sea - Banda Arc,2023-11-22 02:48:51.641,1.7827,127.1887,102.0,6.0,mww,USGS/US,"91 km W of Tobelo, Indonesia"
USGS_us6000ntxc,Z7,Sulawesi - Molucca Sea - Banda Arc,2024-09-23 19:51:02.568,-0.0469,122.8918,143.0,6.0,mww,USGS/US,"67 km SSW of Gorontalo, Indonesia"
USGS_us6000tn41,Z7,Sulawesi - Molucca Sea - Banda Arc,2026-08-24 14:10:17.347,-6.6551,127.4245,10.0,6.0,mww,USGS/US,"211 km NNE of Lospalos, Timor Leste"
USGS_usc000fc5f,Z7,Sulawesi - Molucca Sea - Banda Arc,2013-02-23 11:09:19.270,-8.467,127.467,20.0,5.9,mww,USGS/US,"51 km E of Lospalos, Timor Leste"
USGS_usb000gcgu,Z7,Sulawesi - Molucca Sea - Banda Arc,2013-04-20 04:51:12.000,-6.292,130.218,108.1,5.9,mww,USGS/US,"290 km WSW of Tual, Indonesia"
USGS_usb000sayt,Z7,Sulawesi - Molucca Sea - Banda Arc,2014-09-10 05:16:53.210,-0.1835,125.1251,30.0,5.9,mww,USGS/US,"166 km S of Tondano, Indonesia"
USGS_usb000t0pj,Z7,Sulawesi - Molucca Sea - Banda Arc,2014-11-15 02:34:59.790,1.6728,126.2983,44.94,5.9,mb,USGS/US,"148 km E of Laikit, Laikit II (Dimembe), Indonesia"
USGS_usc000sxhm,Z7,Sulawesi - Molucca Sea - Banda Arc,2014-11-15 03:08:04.590,-0.1448,123.8891,90.28,5.9,mww,USGS/US,"118 km SE of Gorontalo, Indonesia"
USGS_us10001rmk,Z7,Sulawesi - Molucca Sea - Banda Arc,2015-03-28 22:28:50.780,0.4002,121.9895,118.0,5.9,mww,USGS/US,"120 km W of Gorontalo, Indonesia"
USGS_us20009wjw,Z7,Sulawesi - Molucca Sea - Banda Arc,2017-07-15 12:12:21.490,0.4098,121.9844,113.0,5.9,mww,USGS/US,"120 km W of Gorontalo, Indonesia"
USGS_us2000damy,Z7,Sulawesi - Molucca Sea - Banda Arc,2018-03-02 02:20:12.280,-6.1353,130.2782,135.0,5.9,mww,USGS/US,"279 km WSW of Tual, Indonesia"
USGS_us2000j94v,Z7,Sulawesi - Molucca Sea - Banda Arc,2019-01-26 08:12:48.680,-5.4962,133.7648,10.0,5.9,mww,USGS/US,"Kepulauan Kai, Indonesia"
USGS_us70004f0h,Z7,Sulawesi - Molucca Sea - Banda Arc,2019-07-08 18:52:33.279,0.504,126.3042,28.0,5.9,mww,USGS/US,"124 km WSW of Ternate, Indonesia"
USGS_us60005lts,Z7,Sulawesi - Molucca Sea - Banda Arc,2019-09-21 19:53:13.441,-6.4584,130.4262,65.0,5.9,mww,USGS/US,"273 km WSW of Tual, Indonesia"
USGS_us60006bu3,Z7,Sulawesi - Molucca Sea - Banda Arc,2019-11-15 01:17:38.332,1.6158,126.3469,35.0,5.9,mww,USGS/US,"147 km NW of Ternate, Indonesia"
USGS_us700068sr,Z7,Sulawesi - Molucca Sea - Banda Arc,2019-11-16 10:19:13.323,1.5673,126.3349,24.0,5.9,mww,USGS/US,"144 km NW of Ternate, Indonesia"
USGS_us70008hvb,Z7,Sulawesi - Molucca Sea - Banda Arc,2020-03-28 15:43:17.479,-1.7144,120.1775,10.0,5.9,mww,USGS/US,"73 km WSW of Poso, Indonesia"
USGS_us7000bipw,Z7,Sulawesi - Molucca Sea - Banda Arc,2020-09-06 00:21:10.820,1.6686,126.5621,30.0,5.9,mww,USGS/US,"133 km NW of Ternate, Indonesia"
USGS_us7000bjgb,Z7,Sulawesi - Molucca Sea - Banda Arc,2020-09-08 00:45:20.853,-4.8713,129.7548,172.0,5.9,mww,USGS/US,"193 km SSE of Amahai, Indonesia"
USGS_us6000dysl,Z7,Sulawesi - Molucca Sea - Banda Arc,2021-04-03 18:42:01.078,-5.1251,128.1558,326.0,5.9,mww,USGS/US,"158 km S of Ambon, Indonesia"
USGS_us7000edf6,Z7,Sulawesi - Molucca Sea - Banda Arc,2021-06-16 04:43:07.451,-3.558,129.5238,7.0,5.9,mww,USGS/US,"71 km ESE of Amahai, Indonesia"
USGS_us7000fqve,Z7,Sulawesi - Molucca Sea - Banda Arc,2021-11-02 16:43:52.813,-6.8798,130.4969,94.0,5.9,mww,USGS/US,"285 km WSW of Tual, Indonesia"
USGS_us7000gzq8,Z7,Sulawesi - Molucca Sea - Banda Arc,2022-04-05 01:44:08.299,1.9361,126.8713,36.0,5.9,mww,USGS/US,"128 km W of Tobelo, Indonesia"
USGS_us6000jn9h,Z7,Sulawesi - Molucca Sea - Banda Arc,2023-02-11 08:55:05.019,3.5892,126.6923,25.0,5.9,mww,USGS/US,"242 km SE of Sarangani, Philippines"
USGS_us6000k60j,Z7,Sulawesi - Molucca Sea - Banda Arc,2023-04-21 10:21:13.132,2.7652,127.0501,21.0,5.9,mww,USGS/US,"156 km NW of Tobelo, Indonesia"
USGS_us7000krr1,Z7,Sulawesi - Molucca Sea - Banda Arc,2023-08-29 04:34:42.790,-5.5578,129.9456,203.0,5.9,mww,USGS/US,"270 km SSE of Amahai, Indonesia"
USGS_us7000ky3a,Z7,Sulawesi - Molucca Sea - Banda Arc,2023-09-26 01:39:43.416,4.7109,127.5053,94.0,5.9,mww,USGS/US,"234 km SE of Pondaguitan, Philippines"
USGS_us7000l9ze,Z7,Sulawesi - Molucca Sea - Banda Arc,2023-11-10 03:50:35.148,-6.02,130.2186,10.0,5.9,mww,USGS/US,"283 km W of Tual, Indonesia"
USGS_us7000maw0,Z7,Sulawesi - Molucca Sea - Banda Arc,2024-04-09 00:02:52.078,-1.6951,134.4237,6.66,5.9,mww,USGS/US,"34 km SE of Ransiki, Indonesia"
USGS_us7000pb3j,Z7,Sulawesi - Molucca Sea - Banda Arc,2025-02-03 21:35:51.094,3.0383,128.2254,103.0,5.9,mww,USGS/US,"146 km N of Tobelo, Indonesia"
USGS_us7000pwvy,Z7,Sulawesi - Molucca Sea - Banda Arc,2025-05-03 12:51:43.462,0.5053,121.636,92.0,5.9,mww,USGS/US,"158 km W of Gorontalo, Indonesia"
USGS_us7000pzaa,Z7,Sulawesi - Molucca Sea - Banda Arc,2025-05-15 00:50:52.272,-7.136,126.1331,476.627,5.9,mww,USGS/US,"152 km NNW of Baukau, Timor Leste"
USGS_us6000rlim,Z7,Sulawesi - Molucca Sea - Banda Arc,2025-11-04 23:32:22.984,-0.1246,123.0647,114.629,5.9,mww,USGS/US,"73 km S of Gorontalo, Indonesia"
USGS_us6000sm1v,Z7,Sulawesi - Molucca Sea - Banda Arc,2026-04-02 14:13:47.725,1.2924,126.3547,21.743,5.9,mww,USGS/US,"127 km WNW of Ternate, Indonesia"
USGS_us6000szdy,Z7,Sulawesi - Molucca Sea - Banda Arc,2026-05-22 01:05:08.570,1.0419,126.0891,35.0,5.9,mww,USGS/US,"115 km ESE of Bitung, Indonesia"
USGS_usp000jdn4,Z7,Sulawesi - Molucca Sea - Banda Arc,2012-01-18 12:50:20.530,-0.877,126.829,19.1,5.8,mww,USGS/US,"194 km SSW of Ternate, Indonesia"
USGS_usp000jj1m,Z7,Sulawesi - Molucca Sea - Banda Arc,2012-04-16 02:17:50.340,-2.64,121.855,13.0,5.8,mww,USGS/US,"165 km NNW of Kendari, Indonesia"
USGS_usp000jm6s,Z7,Sulawesi - Molucca Sea - Banda Arc,2012-06-01 06:56:20.240,-0.72,133.269,25.0,5.8,mww,USGS/US,"89 km W of Manokwari, Indonesia"
USGS_usp000jqfc,Z7,Sulawesi - Molucca Sea - Banda Arc,2012-08-18 15:31:40.060,2.645,128.697,10.0,5.8,mww,USGS/US,"126 km NE of Tobelo, Indonesia"
USGS_usc000mgma,Z7,Sulawesi - Molucca Sea - Banda Arc,2014-02-03 22:36:37.090,-7.1916,128.1716,7.05,5.8,mww,USGS/US,"195 km NE of Lospalos, Timor Leste"
USGS_usc000sycq,Z7,Sulawesi - Molucca Sea - Banda Arc,2014-11-18 04:47:16.630,1.8693,126.4751,30.0,5.8,mww,USGS/US,"156 km NW of Ternate, Indonesia"
USGS_usb000t18g,Z7,Sulawesi - Molucca Sea - Banda Arc,2014-11-29 19:40:10.610,2.3835,127.0084,37.0,5.8,mww,USGS/US,"132 km WNW of Tobelo, Indonesia"
USGS_us100033n1,Z7,Sulawesi - Molucca Sea - Banda Arc,2015-08-20 11:00:09.720,0.4854,126.5894,46.14,5.8,mww,USGS/US,Molucca Sea
USGS_us10003xni,Z7,Sulawesi - Molucca Sea - Banda Arc,2015-11-11 23:36:19.200,-7.2493,128.93,126.0,5.8,mww,USGS/US,"255 km ENE of Lospalos, Timor Leste"
USGS_us100049dq,Z7,Sulawesi - Molucca Sea - Banda Arc,2015-12-24 23:10:58.170,-7.2182,128.9775,119.0,5.8,mww,USGS/US,"261 km ENE of Lospalos, Timor Leste"
USGS_us20007cya,Z7,Sulawesi - Molucca Sea - Banda Arc,2016-10-09 14:46:26.690,1.7703,127.449,128.0,5.8,mww,USGS/US,"62 km W of Tobelo, Indonesia"
USGS_us100072ai,Z7,Sulawesi - Molucca Sea - Banda Arc,2016-10-27 08:17:50.160,1.3702,125.758,61.0,5.8,mww,USGS/US,"88 km E of Laikit, Laikit II (Dimembe), Indonesia"
USGS_us2000a1qs,Z7,Sulawesi - Molucca Sea - Banda Arc,2017-07-27 12:08:38.400,-3.5583,126.0847,15.58,5.8,mww,USGS/US,"233 km W of Ambon, Indonesia"
USGS_us1000ayz3,Z7,Sulawesi - Molucca Sea - Banda Arc,2017-10-31 11:31:39.440,-3.8261,127.7209,4.0,5.8,mww,USGS/US,"53 km WSW of Ambon, Indonesia"
USGS_us2000br1i,Z7,Sulawesi - Molucca Sea - Banda Arc,2017-11-18 16:07:00.300,2.4648,128.1481,8.0,5.8,mww,USGS/US,"82 km N of Tobelo, Indonesia"
USGS_us1000h3p8,Z7,Sulawesi - Molucca Sea - Banda Arc,2018-09-28 10:14:20.120,-0.0175,119.7549,10.0,5.8,mb,USGS/US,"99 km N of Palu, Indonesia"
USGS_us1000h3pn,Z7,Sulawesi - Molucca Sea - Banda Arc,2018-09-28 10:25:04.730,-1.0465,119.9346,10.0,5.8,mb,USGS/US,"16 km SSE of Palu, Indonesia"
USGS_us2000iyhj,Z7,Sulawesi - Molucca Sea - Banda Arc,2018-12-28 03:03:33.430,-1.4498,134.0858,41.0,5.8,mww,USGS/US,"64 km S of Manokwari, Indonesia"
USGS_us70004jzf,Z7,Sulawesi - Molucca Sea - Banda Arc,2019-07-14 09:43:46.015,-0.8042,127.7214,10.0,5.8,mww,USGS/US,"171 km S of Sofifi, Indonesia"
USGS_us70004k03,Z7,Sulawesi - Molucca Sea - Banda Arc,2019-07-14 10:26:58.098,-0.4773,127.8482,10.0,5.8,mww,USGS/US,"138 km SSE of Sofifi, Indonesia"
USGS_us70005ge3,Z7,Sulawesi - Molucca Sea - Banda Arc,2019-09-14 16:21:27.604,-0.9809,128.5368,4.45,5.8,mww,USGS/US,"218 km SSE of Sofifi, Indonesia"
USGS_us60006bmg,Z7,Sulawesi - Molucca Sea - Banda Arc,2019-11-14 18:45:39.058,1.4326,126.3608,27.23,5.8,mb,USGS/US,"134 km WNW of Ternate, Indonesia"
USGS_us60007jmj,Z7,Sulawesi - Molucca Sea - Banda Arc,2020-01-29 23:46:56.062,0.7136,126.3292,27.01,5.8,mww,USGS/US,"117 km W of Ternate, Indonesia"
USGS_us6000dk70,Z7,Sulawesi - Molucca Sea - Banda Arc,2021-02-22 19:22:11.484,1.358,121.9096,25.0,5.8,mww,USGS/US,"157 km NW of Gorontalo, Indonesia"
USGS_us6000ez2l,Z7,Sulawesi - Molucca Sea - Banda Arc,2021-07-26 03:52:02.270,-0.6732,121.9049,9.75,5.8,mww,USGS/US,"102 km WNW of Luwuk, Indonesia"
USGS_us7000hfu0,Z7,Sulawesi - Molucca Sea - Banda Arc,2022-06-08 05:32:37.927,-2.7693,118.5386,23.58,5.8,mww,USGS/US,"39 km WSW of Mamuju, Indonesia"
USGS_us6000jitq,Z7,Sulawesi - Molucca Sea - Banda Arc,2023-01-24 02:13:14.936,2.8182,126.944,35.0,5.8,mww,USGS/US,"169 km NW of Tobelo, Indonesia"
USGS_us7000kxe7,Z7,Sulawesi - Molucca Sea - Banda Arc,2023-09-22 14:59:16.325,-7.0623,129.7277,147.0,5.8,mww,USGS/US,"Kepulauan Babar, Indonesia"
USGS_us6000lnq0,Z7,Sulawesi - Molucca Sea - Banda Arc,2023-11-15 23:26:14.296,1.9998,124.1476,289.0,5.8,mww,USGS/US,"96 km NW of Manado, Indonesia"
USGS_us6000nmzd,Z7,Sulawesi - Molucca Sea - Banda Arc,2024-08-27 02:15:18.032,-7.1565,129.4461,78.0,5.8,mww,USGS/US,"Kepulauan Babar, Indonesia"
USGS_us6000nzyn,Z7,Sulawesi - Molucca Sea - Banda Arc,2024-10-21 03:24:16.301,-1.1774,127.4529,16.0,5.8,mww,USGS/US,"61 km S of Labuha, Indonesia"
USGS_us6000pzdn,Z7,Sulawesi - Molucca Sea - Banda Arc,2025-03-17 17:32:18.505,-2.831,130.1617,18.0,5.8,mww,USGS/US,"142 km ENE of Masohi, Indonesia"
USGS_us6000q3iu,Z7,Sulawesi - Molucca Sea - Banda Arc,2025-04-02 21:03:40.049,2.1324,126.7258,44.0,5.8,mww,USGS/US,"149 km WNW of Tobelo, Indonesia"
USGS_us6000qv7n,Z7,Sulawesi - Molucca Sea - Banda Arc,2025-07-25 21:29:58.920,2.0241,126.873,80.0,5.8,mww,USGS/US,"130 km WNW of Tobelo, Indonesia"
USGS_us6000r1n3,Z7,Sulawesi - Molucca Sea - Banda Arc,2025-08-16 22:38:52.030,-1.2749,120.7206,8.0,5.8,mww,USGS/US,"13 km NNW of Poso, Indonesia"
USGS_us6000rpai,Z7,Sulawesi - Molucca Sea - Banda Arc,2025-11-20 06:59:44.526,-3.7152,128.4005,130.856,5.8,mww,USGS/US,"24 km E of Ambon, Indonesia"
USGS_us7000s8ec,Z7,Sulawesi - Molucca Sea - Banda Arc,2026-03-28 18:38:29.315,-7.5072,127.8579,159.0,5.8,mww,USGS/US,"146 km NE of Lospalos, Timor Leste"
USGS_us6000sm21,Z7,Sulawesi - Molucca Sea - Banda Arc,2026-04-02 14:34:59.349,1.2618,126.3847,35.0,5.8,mww,USGS/US,"122 km WNW of Ternate, Indonesia"
USGS_usp000jes4,Z7,Sulawesi - Molucca Sea - Banda Arc,2012-02-10 05:34:05.030,-0.324,132.691,15.0,5.7,mww,USGS/US,"164 km WNW of Manokwari, Indonesia"
USGS_usp000jjg0,Z7,Sulawesi - Molucca Sea - Banda Arc,2012-04-23 21:21:44.860,0.374,125.293,48.0,5.7,mww,USGS/US,"111 km SSE of Tondano, Indonesia"
USGS_usp000juqw,Z7,Sulawesi - Molucca Sea - Banda Arc,2012-10-29 15:29:50.390,-0.142,125.185,35.0,5.7,mww,USGS/US,"162 km S of Tondano, Indonesia"
USGS_usp000jv34,Z7,Sulawesi - Molucca Sea - Banda Arc,2012-11-06 01:36:21.630,1.374,122.2,25.0,5.7,mww,USGS/US,"133 km NW of Gorontalo, Indonesia"
USGS_usp000jw4d,Z7,Sulawesi - Molucca Sea - Banda Arc,2012-11-27 02:59:06.520,-2.952,129.219,11.2,5.7,mww,USGS/US,"54 km NE of Amahai, Indonesia"
USGS_usb000i181,Z7,Sulawesi - Molucca Sea - Banda Arc,2013-06-27 08:38:08.300,1.114,127.13,120.0,5.7,mww,USGS/US,"45 km NW of Ternate, Indonesia"
USGS_usc000lnj6,Z7,Sulawesi - Molucca Sea - Banda Arc,2013-12-19 21:34:12.610,-6.9084,128.3228,10.63,5.7,mwb,USGS/US,"230 km NE of Lospalos, Timor Leste"
USGS_usc000ltqk,Z7,Sulawesi - Molucca Sea - Banda Arc,2013-12-29 15:37:38.060,1.2996,126.2455,42.94,5.7,mww,USGS/US,"138 km WNW of Ternate, Indonesia"
USGS_usb000q6wt,Z7,Sulawesi - Molucca Sea - Banda Arc,2014-05-02 08:43:36.500,-3.8148,127.4008,46.58,5.7,mww,USGS/US,"87 km W of Ambon, Indonesia"
USGS_usc000t4qz,Z7,Sulawesi - Molucca Sea - Banda Arc,2014-12-09 03:09:22.520,1.5378,126.232,40.71,5.7,mww,USGS/US,"140 km E of Laikit, Laikit II (Dimembe), Indonesia"
USGS_us100041ay,Z7,Sulawesi - Molucca Sea - Banda Arc,2015-11-25 18:57:41.590,1.4305,126.2904,33.16,5.7,mww,USGS/US,"140 km WNW of Ternate, Indonesia"
USGS_us20005az4,Z7,Sulawesi - Molucca Sea - Banda Arc,2016-03-19 08:51:24.920,-5.5662,129.4922,269.8,5.7,mww,USGS/US,"252 km SE of Ambon, Indonesia"
USGS_us10007d73,Z7,Sulawesi - Molucca Sea - Banda Arc,2016-11-30 02:42:14.990,-6.9865,131.8204,24.0,5.7,mww,USGS/US,"182 km SW of Tual, Indonesia"
USGS_us10007er7,Z7,Sulawesi - Molucca Sea - Banda Arc,2016-12-04 05:24:05.400,4.5051,127.8342,139.0,5.7,mww,USGS/US,"275 km SE of Pondaguitan, Philippines"
USGS_us10007t3y,Z7,Sulawesi - Molucca Sea - Banda Arc,2017-01-13 16:39:25.240,0.0303,125.077,42.0,5.7,mww,USGS/US,"142 km S of Tondano, Indonesia"
USGS_us10008usv,Z7,Sulawesi - Molucca Sea - Banda Arc,2017-05-24 09:10:14.280,-2.7898,122.118,10.0,5.7,mww,USGS/US,"138 km NNW of Kendari, Indonesia"
USGS_us1000az05,Z7,Sulawesi - Molucca Sea - Banda Arc,2017-10-31 12:37:47.820,-3.8194,127.769,15.77,5.7,mww,USGS/US,"48 km WSW of Ambon, Indonesia"
USGS_us1000d8u9,Z7,Sulawesi - Molucca Sea - Banda Arc,2018-03-25 08:58:10.930,-7.3049,128.4848,144.0,5.7,mww,USGS/US,"212 km NE of Lospalos, Timor Leste"
USGS_us1000h3rc,Z7,Sulawesi - Molucca Sea - Banda Arc,2018-09-28 10:16:48.730,-0.8748,120.0342,10.0,5.7,mb,USGS/US,"Minahasa, Sulawesi, Indonesia"
USGS_us1000h3sd,Z7,Sulawesi - Molucca Sea - Banda Arc,2018-09-28 13:35:30.630,0.0587,119.6831,10.0,5.7,mb,USGS/US,"108 km N of Palu, Indonesia"
USGS_us2000jekx,Z7,Sulawesi - Molucca Sea - Banda Arc,2019-02-07 04:15:30.040,1.4669,126.4203,40.0,5.7,mww,USGS/US,"130 km NW of Ternate, Indonesia"
USGS_us700038kq,Z7,Sulawesi - Molucca Sea - Banda Arc,2019-04-12 11:45:36.591,-1.8614,122.6143,10.0,5.7,mb,USGS/US,"102 km S of Luwuk, Indonesia"
USGS_us70003gse,Z7,Sulawesi - Molucca Sea - Banda Arc,2019-05-04 21:02:10.594,1.9846,123.6614,327.0,5.7,mww,USGS/US,"143 km WNW of Manado, Indonesia"
USGS_us600040xy,Z7,Sulawesi - Molucca Sea - Banda Arc,2019-06-14 20:10:52.241,-5.8431,130.725,105.0,5.7,mww,USGS/US,"225 km W of Tual, Indonesia"
USGS_us70008x2q,Z7,Sulawesi - Molucca Sea - Banda Arc,2020-04-15 21:03:38.115,1.1073,126.6767,41.39,5.7,mww,USGS/US,"86 km WNW of Ternate, Indonesia"
USGS_us70009dvh,Z7,Sulawesi - Molucca Sea - Banda Arc,2020-05-11 01:06:18.743,-6.0613,129.9115,10.0,5.7,mww,USGS/US,Banda Sea
USGS_us6000a89s,Z7,Sulawesi - Molucca Sea - Banda Arc,2020-06-09 04:56:10.343,-4.2241,126.3437,10.0,5.7,mww,USGS/US,"212 km WSW of Ambon, Indonesia"
USGS_us7000c8va,Z7,Sulawesi - Molucca Sea - Banda Arc,2020-11-01 03:43:20.342,-7.0719,129.2407,182.0,5.7,mww,USGS/US,"294 km ENE of Lospalos, Timor Leste"
USGS_us6000d882,Z7,Sulawesi - Molucca Sea - Banda Arc,2021-01-14 06:35:50.028,-2.9809,118.894,18.0,5.7,mww,USGS/US,"33 km S of Mamuju, Indonesia"
USGS_us6000ep7f,Z7,Sulawesi - Molucca Sea - Banda Arc,2021-06-24 02:24:55.239,-5.9581,128.2804,337.0,5.7,mww,USGS/US,"250 km S of Ambon, Indonesia"
USGS_us7000f3zp,Z7,Sulawesi - Molucca Sea - Banda Arc,2021-08-26 02:14:22.070,-0.8389,121.5296,8.0,5.7,mww,USGS/US,"106 km NE of Poso, Indonesia"
USGS_us6000ftpp,Z7,Sulawesi - Molucca Sea - Banda Arc,2021-10-11 12:34:36.079,0.8073,126.2042,36.86,5.7,mww,USGS/US,"131 km W of Ternate, Indonesia"
USGS_us7000fraj,Z7,Sulawesi - Molucca Sea - Banda Arc,2021-11-04 02:42:44.032,-2.9473,129.3394,18.0,5.7,mww,USGS/US,"63 km NE of Amahai, Indonesia"
USGS_us7000gkgx,Z7,Sulawesi - Molucca Sea - Banda Arc,2022-02-13 08:21:47.647,0.9313,126.2631,38.1,5.7,mww,USGS/US,"125 km W of Ternate, Indonesia"
USGS_us6000iamw,Z7,Sulawesi - Molucca Sea - Banda Arc,2022-08-14 02:47:46.891,1.7974,126.3859,30.0,5.7,mww,USGS/US,"157 km NW of Ternate, Indonesia"
USGS_us7000i7b8,Z7,Sulawesi - Molucca Sea - Banda Arc,2022-09-12 08:14:39.695,6.1524,127.6087,10.0,5.7,mww,USGS/US,"160 km E of Pondaguitan, Philippines"
USGS_us6000jjbj,Z7,Sulawesi - Molucca Sea - Banda Arc,2023-01-26 04:23:51.212,2.8391,126.9856,35.0,5.7,mww,USGS/US,"167 km NW of Tobelo, Indonesia"
USGS_us7000jwl9,Z7,Sulawesi - Molucca Sea - Banda Arc,2023-04-28 09:19:52.655,-4.775,133.8946,10.0,5.7,mww,USGS/US,"157 km NE of Tual, Indonesia"
USGS_us7000laba,Z7,Sulawesi - Molucca Sea - Banda Arc,2023-11-11 06:41:51.432,-5.7066,130.1561,10.0,5.7,mww,USGS/US,"287 km W of Tual, Indonesia"
USGS_us6000minw,Z7,Sulawesi - Molucca Sea - Banda Arc,2024-03-13 18:56:14.833,-0.1457,125.2455,39.0,5.7,mww,USGS/US,"111 km SE of Modisi, Indonesia"
USGS_us7000pemi,Z7,Sulawesi - Molucca Sea - Banda Arc,2025-02-18 23:39:10.674,-3.3656,131.0386,13.0,5.7,mww,USGS/US,"148 km WSW of Fakfak, Indonesia"
USGS_us7000pp7n,Z7,Sulawesi - Molucca Sea - Banda Arc,2025-04-01 10:15:56.075,-7.4362,128.5286,143.585,5.7,mww,USGS/US,"207 km NE of Lospalos, Timor Leste"
USGS_us6000s711,Z7,Sulawesi - Molucca Sea - Banda Arc,2026-02-06 21:20:15.160,-7.6894,130.151,24.03,5.7,mww,USGS/US,"Pulau Pulau Tanimbar, Indonesia"
USGS_us6000slww,Z7,Sulawesi - Molucca Sea - Banda Arc,2026-04-02 03:17:52.352,1.2212,126.241,35.0,5.7,mb,USGS/US,"126 km E of Bitung, Indonesia"
USGS_us7000t2w3,Z7,Sulawesi - Molucca Sea - Banda Arc,2026-07-23 22:58:35.914,0.5968,126.2207,42.513,5.7,mww,USGS/US,"131 km W of Ternate, Indonesia"
USGS_us6000ti49,Z7,Sulawesi - Molucca Sea - Banda Arc,2026-08-04 20:16:37.007,1.5011,126.5024,34.167,5.7,mww,USGS/US,"125 km NW of Ternate, Indonesia"
USGS_us6000tl1s,Z7,Sulawesi - Molucca Sea - Banda Arc,2026-08-15 16:25:19.547,0.1795,120.2829,84.61,5.7,mww,USGS/US,"128 km NNE of Palu, Indonesia"
USGS_usp000jm6c,Z7,Sulawesi - Molucca Sea - Banda Arc,2012-05-31 23:01:03.360,-0.902,133.181,53.2,5.6,mwc,USGS/US,"98 km W of Manokwari, Indonesia"
USGS_usp000jv36,Z7,Sulawesi - Molucca Sea - Banda Arc,2012-11-06 01:42:26.330,1.357,122.167,35.0,5.6,mww,USGS/US,"134 km NW of Gorontalo, Indonesia"
USGS_usp000jw6g,Z7,Sulawesi - Molucca Sea - Banda Arc,2012-11-28 08:56:16.220,-5.398,131.134,50.3,5.6,mww,USGS/US,"181 km W of Tual, Indonesia"
USGS_usp000jxrn,Z7,Sulawesi - Molucca Sea - Banda Arc,2013-01-03 00:02:16.760,-1.564,127.386,26.3,5.6,mwb,USGS/US,"251 km NNW of Ambon, Indonesia"
USGS_usc000f6gj,Z7,Sulawesi - Molucca Sea - Banda Arc,2013-02-13 05:21:18.570,-2.975,130.205,35.0,5.6,mb,USGS/US,"148 km ENE of Amahai, Indonesia"
USGS_usb000jmsl,Z7,Sulawesi - Molucca Sea - Banda Arc,2013-09-09 21:41:33.180,1.3814,122.2235,22.5,5.6,mww,USGS/US,"132 km NW of Gorontalo, Indonesia"
USGS_usb000sayv,Z7,Sulawesi - Molucca Sea - Banda Arc,2014-09-10 05:19:24.060,-0.2002,125.0922,40.82,5.6,mb,USGS/US,"167 km S of Tondano, Indonesia"
USGS_usb000t098,Z7,Sulawesi - Molucca Sea - Banda Arc,2014-11-26 14:49:49.610,1.8122,126.4582,30.39,5.6,mb,USGS/US,"152 km NW of Ternate, Indonesia"
USGS_usc000tewz,Z7,Sulawesi - Molucca Sea - Banda Arc,2015-01-12 20:25:14.170,-5.587,133.9223,20.91,5.6,mww,USGS/US,"129 km E of Tual, Indonesia"
USGS_usc000tn7f,Z7,Sulawesi - Molucca Sea - Banda Arc,2015-02-08 15:09:08.950,-2.4318,119.3699,37.28,5.6,mwb,USGS/US,"60 km ENE of Mamuju, Indonesia"
USGS_usc000tu4z,Z7,Sulawesi - Molucca Sea - Banda Arc,2015-03-01 03:32:33.780,0.0241,124.4702,62.0,5.6,mwb,USGS/US,"147 km SSW of Tomohon, Indonesia"
USGS_us10001rqx,Z7,Sulawesi - Molucca Sea - Banda Arc,2015-03-29 07:50:54.290,1.6535,126.4846,45.05,5.6,mww,USGS/US,"138 km NW of Ternate, Indonesia"
USGS_us10004f44,Z7,Sulawesi - Molucca Sea - Banda Arc,2016-01-16 23:22:29.040,-3.8727,127.2292,4.11,5.6,mww,USGS/US,"107 km W of Ambon, Indonesia"
USGS_us20005i7m,Z7,Sulawesi - Molucca Sea - Banda Arc,2016-04-14 23:15:07.910,-7.459,128.1235,136.78,5.6,mww,USGS/US,"170 km NE of Lospalos, Timor Leste"
USGS_us20005id2,Z7,Sulawesi - Molucca Sea - Banda Arc,2016-04-15 04:50:11.410,2.0125,127.0004,89.95,5.6,mwc,USGS/US,"116 km WNW of Tobelo, Indonesia"
USGS_us10007ul1,Z7,Sulawesi - Molucca Sea - Banda Arc,2017-01-21 05:16:31.800,2.8266,128.2084,46.85,5.6,mww,USGS/US,"123 km N of Tobelo, Indonesia"
USGS_us2000axas,Z7,Sulawesi - Molucca Sea - Banda Arc,2017-09-30 23:15:29.380,3.9397,128.4983,10.0,5.6,mww,USGS/US,"250 km NNE of Tobelo, Indonesia"
USGS_us1000atq3,Z7,Sulawesi - Molucca Sea - Banda Arc,2017-10-18 13:40:55.610,-0.2383,122.9492,92.61,5.6,mb,USGS/US,"80 km NNE of Luwuk, Indonesia"
USGS_us1000ayz4,Z7,Sulawesi - Molucca Sea - Banda Arc,2017-10-31 11:34:39.350,-3.7687,127.6675,8.14,5.6,mww,USGS/US,"57 km W of Ambon, Indonesia"
USGS_usd0008ke6,Z7,Sulawesi - Molucca Sea - Banda Arc,2018-01-18 17:48:40.550,-6.3958,132.8126,33.0,5.6,mww,USGS/US,"85 km S of Tual, Indonesia"
USGS_us1000d19r,Z7,Sulawesi - Molucca Sea - Banda Arc,2018-03-08 03:51:07.240,-3.3428,130.9337,10.0,5.6,mww,USGS/US,"223 km E of Amahai, Indonesia"
USGS_us1000h3r6,Z7,Sulawesi - Molucca Sea - Banda Arc,2018-09-28 10:50:25.030,-0.7806,119.9147,10.0,5.6,mb,USGS/US,"14 km NNE of Palu, Indonesia"
USGS_us1000hafx,Z7,Sulawesi - Molucca Sea - Banda Arc,2018-10-11 02:55:45.020,-4.9967,126.7227,15.06,5.6,mww,USGS/US,"216 km SW of Ambon, Indonesia"
USGS_us1000hexe,Z7,Sulawesi - Molucca Sea - Banda Arc,2018-10-20 09:47:52.920,-6.5155,128.2714,358.83,5.6,mww,USGS/US,"262 km NNE of Lospalos, Timor Leste"
USGS_us2000j076,Z7,Sulawesi - Molucca Sea - Banda Arc,2019-01-04 06:22:45.630,-6.5176,130.4073,127.9,5.6,mww,USGS/US,"277 km WSW of Tual, Indonesia"
USGS_us70004eiy,Z7,Sulawesi - Molucca Sea - Banda Arc,2019-07-08 06:20:10.179,0.449,126.2508,10.0,5.6,mww,USGS/US,"131 km WSW of Ternate, Indonesia"
USGS_us6000624h,Z7,Sulawesi - Molucca Sea - Banda Arc,2019-10-24 13:38:16.637,1.1847,124.2015,241.0,5.6,mww,USGS/US,"68 km WSW of Tomohon, Indonesia"
USGS_us700061vl,Z7,Sulawesi - Molucca Sea - Banda Arc,2019-11-01 02:33:58.542,3.2144,126.9855,28.09,5.6,mww,USGS/US,"199 km NW of Tobelo, Indonesia"
USGS_us70006thw,Z7,Sulawesi - Molucca Sea - Banda Arc,2020-01-02 11:25:04.368,-5.7527,124.976,10.0,5.6,mww,USGS/US,"287 km ESE of Katabu, Indonesia"
USGS_us70007lf3,Z7,Sulawesi - Molucca Sea - Banda Arc,2020-02-08 06:36:44.095,-2.8766,129.9354,10.0,5.6,mww,USGS/US,"123 km ENE of Amahai, Indonesia"
USGS_us70007r1x,Z7,Sulawesi - Molucca Sea - Banda Arc,2020-02-15 23:00:27.251,-3.3456,131.4839,10.0,5.6,mww,USGS/US,"273 km S of Sorong, Indonesia"
USGS_us70008h8n,Z7,Sulawesi - Molucca Sea - Banda Arc,2020-03-27 14:32:48.194,0.1747,133.5831,10.0,5.6,mww,USGS/US,"126 km NNW of Manokwari, Indonesia"
USGS_us7000ebx6,Z7,Sulawesi - Molucca Sea - Banda Arc,2021-06-11 02:23:43.042,0.0519,124.2976,60.14,5.6,mww,USGS/US,"147 km ESE of Gorontalo, Indonesia"
USGS_us6000etn1,Z7,Sulawesi - Molucca Sea - Banda Arc,2021-07-09 13:31:09.481,0.1413,123.6629,119.63,5.6,mww,USGS/US,"79 km ESE of Gorontalo, Indonesia"
USGS_us6000gcnj,Z7,Sulawesi - Molucca Sea - Banda Arc,2021-12-16 04:26:06.982,-7.0438,128.6847,10.0,5.6,mww,USGS/US,"247 km NE of Lospalos, Timor Leste"
USGS_us7000h803,Z7,Sulawesi - Molucca Sea - Banda Arc,2022-05-08 21:51:39.714,1.8437,127.2017,39.28,5.6,mww,USGS/US,"90 km W of Tobelo, Indonesia"
USGS_us7000hfjt,Z7,Sulawesi - Molucca Sea - Banda Arc,2022-06-07 13:24:13.974,0.1487,123.6638,131.78,5.6,mww,USGS/US,"79 km ESE of Gorontalo, Indonesia"
USGS_us6000i9cd,Z7,Sulawesi - Molucca Sea - Banda Arc,2022-08-09 12:59:40.550,-6.7235,129.9544,149.0,5.6,mww,USGS/US,Banda Sea
USGS_us7000imsg,Z7,Sulawesi - Molucca Sea - Banda Arc,2022-11-06 00:03:12.098,2.5867,124.6644,231.0,5.6,mww,USGS/US,"124 km N of Manado, Indonesia"
USGS_us6000jqrr,Z7,Sulawesi - Molucca Sea - Banda Arc,2023-02-22 09:34:03.470,-7.0256,129.5058,114.224,5.6,mww,USGS/US,"Kepulauan Babar, Indonesia"
USGS_us7000kga2,Z7,Sulawesi - Molucca Sea - Banda Arc,2023-07-17 04:42:13.423,-1.5393,126.4716,10.0,5.6,mww,USGS/US,"79 km NE of Sanana, Indonesia"
USGS_us6000kxs1,Z7,Sulawesi - Molucca Sea - Banda Arc,2023-08-04 11:48:39.019,-0.2079,124.954,40.0,5.6,mww,USGS/US,"92 km SE of Modisi, Indonesia"
USGS_us7000la8b,Z7,Sulawesi - Molucca Sea - Banda Arc,2023-11-10 21:20:12.050,-6.1476,130.1327,10.0,5.6,mww,USGS/US,"295 km W of Tual, Indonesia"
USGS_us7000msn7,Z7,Sulawesi - Molucca Sea - Banda Arc,2024-06-15 13:08:14.671,3.1837,127.2673,45.789,5.6,mww,USGS/US,"180 km NNW of Tobelo, Indonesia"
USGS_us6000p000,Z7,Sulawesi - Molucca Sea - Banda Arc,2024-10-21 06:32:35.236,-1.177,127.3252,10.0,5.6,mww,USGS/US,"63 km SSW of Labuha, Indonesia"
USGS_us6000pw69,Z7,Sulawesi - Molucca Sea - Banda Arc,2025-02-28 21:58:38.554,-6.0227,130.652,126.0,5.6,mww,USGS/US,"236 km W of Tual, Indonesia"
USGS_us6000qulk,Z7,Sulawesi - Molucca Sea - Banda Arc,2025-07-24 13:08:16.319,-2.0235,120.66,10.0,5.6,mww,USGS/US,"69 km NNE of Masamba, Indonesia"
USGS_us6000qv9l,Z7,Sulawesi - Molucca Sea - Banda Arc,2025-07-26 05:31:46.303,-0.3955,131.5362,10.0,5.6,mww,USGS/US,"61 km NNE of Sorong, Indonesia"
USGS_us6000rdz7,Z7,Sulawesi - Molucca Sea - Banda Arc,2025-10-01 13:49:49.750,-7.322,128.3436,146.835,5.6,mww,USGS/US,"199 km NE of Lospalos, Timor Leste"
USGS_us6000riuj,Z7,Sulawesi - Molucca Sea - Banda Arc,2025-10-23 11:46:09.743,-6.2493,130.9239,85.0,5.6,mww,USGS/US,"213 km WSW of Tual, Indonesia"
USGS_us6000s8rt,Z7,Sulawesi - Molucca Sea - Banda Arc,2026-02-13 14:56:58.771,4.1565,128.2524,11.0,5.6,mww,USGS/US,"269 km N of Tobelo, Indonesia"
USGS_us6000sm8g,Z7,Sulawesi - Molucca Sea - Banda Arc,2026-04-03 00:22:19.887,1.3191,126.432,29.0,5.6,mww,USGS/US,"121 km WNW of Ternate, Indonesia"
USGS_us6000smgy,Z7,Sulawesi - Molucca Sea - Banda Arc,2026-04-04 01:35:00.093,1.0582,126.0629,42.662,5.6,mww,USGS/US,"112 km ESE of Bitung, Indonesia"
USGS_us7000tdav,Z7,Sulawesi - Molucca Sea - Banda Arc,2026-09-01 08:22:20.813,0.1685,128.8054,10.0,5.6,mb,USGS/US,"82 km SE of Maba, Indonesia"
USGS_usp000jetn,Z7,Sulawesi - Molucca Sea - Banda Arc,2012-02-11 07:06:48.450,-0.978,126.853,19.0,5.5,mwb,USGS/US,"204 km SSW of Ternate, Indonesia"
USGS_usp000jjtu,Z7,Sulawesi - Molucca Sea - Banda Arc,2012-04-30 18:11:44.420,-5.689,128.511,356.1,5.5,mwb,USGS/US,"223 km S of Ambon, Indonesia"
USGS_usp000jms3,Z7,Sulawesi - Molucca Sea - Banda Arc,2012-06-14 20:17:24.520,1.293,126.828,61.4,5.5,mww,USGS/US,"83 km NW of Ternate, Indonesia"
USGS_usp000jnxq,Z7,Sulawesi - Molucca Sea - Banda Arc,2012-07-12 15:40:12.630,-2.885,129.321,10.4,5.5,mwc,USGS/US,"67 km NE of Amahai, Indonesia"
USGS_usp000jps6,Z7,Sulawesi - Molucca Sea - Banda Arc,2012-08-02 07:37:45.180,-6.944,131.121,65.0,5.5,mwb,USGS/US,"231 km SW of Tual, Indonesia"
USGS_usp000jxhm,Z7,Sulawesi - Molucca Sea - Banda Arc,2012-12-28 17:32:18.070,-0.145,122.918,112.1,5.5,mww,USGS/US,"77 km SSW of Gorontalo, Indonesia"
USGS_usb000h5zp,Z7,Sulawesi - Molucca Sea - Banda Arc,2013-05-25 10:32:54.540,-7.51,127.916,100.0,5.5,mwb,USGS/US,"150 km NE of Lospalos, Timor Leste"
USGS_usb000i0ye,Z7,Sulawesi - Molucca Sea - Banda Arc,2013-06-26 22:59:00.990,-0.141,125.054,32.7,5.5,mww,USGS/US,"160 km S of Tondano, Indonesia"
USGS_usb000kbpa,Z7,Sulawesi - Molucca Sea - Banda Arc,2013-10-12 14:30:09.700,0.7452,122.2107,96.63,5.5,mwc,USGS/US,"97 km WNW of Gorontalo, Indonesia"
USGS_usb000seiy,Z7,Sulawesi - Molucca Sea - Banda Arc,2014-09-20 18:27:13.710,-0.7667,134.3003,11.84,5.5,mb,USGS/US,"28 km ENE of Manokwari, Indonesia"
USGS_usc000sxkt,Z7,Sulawesi - Molucca Sea - Banda Arc,2014-11-15 09:47:57.850,1.7859,126.5628,35.0,5.5,mww,USGS/US,"143 km NW of Ternate, Indonesia"
USGS_usb000t2cn,Z7,Sulawesi - Molucca Sea - Banda Arc,2014-12-03 00:27:04.430,-2.9324,122.423,10.0,5.5,mwb,USGS/US,"116 km N of Kendari, Indonesia"
USGS_usc000tgvb,Z7,Sulawesi - Molucca Sea - Banda Arc,2015-01-17 23:39:51.870,-5.7726,131.8634,56.76,5.5,mww,USGS/US,"99 km W of Tual, Indonesia"
USGS_us200025t9,Z7,Sulawesi - Molucca Sea - Banda Arc,2015-04-11 05:00:42.480,2.1173,126.6945,50.0,5.5,mwb,USGS/US,"152 km WNW of Tobelo, Indonesia"
USGS_us20002wvt,Z7,Sulawesi - Molucca Sea - Banda Arc,2015-07-12 04:37:31.330,2.9918,128.1869,115.0,5.5,mwb,USGS/US,"141 km N of Tobelo, Indonesia"
USGS_us20003fyy,Z7,Sulawesi - Molucca Sea - Banda Arc,2015-09-03 13:24:00.690,2.0551,126.6816,53.0,5.5,mww,USGS/US,"152 km WNW of Tobelo, Indonesia"
USGS_us20003pf6,Z7,Sulawesi - Molucca Sea - Banda Arc,2015-09-27 02:56:13.740,-7.1772,129.6047,107.0,5.5,mww,USGS/US,"Kepulauan Babar, Indonesia"
USGS_us10004h1a,Z7,Sulawesi - Molucca Sea - Banda Arc,2016-01-25 09:17:49.650,3.2058,128.392,42.65,5.5,mww,USGS/US,"168 km NNE of Tobelo, Indonesia"
USGS_us20005d4l,Z7,Sulawesi - Molucca Sea - Banda Arc,2016-03-29 09:18:11.250,2.3874,126.1019,55.0,5.5,mww,USGS/US,"160 km NE of Laikit, Laikit II (Dimembe), Indonesia"
USGS_us20005fx0,Z7,Sulawesi - Molucca Sea - Banda Arc,2016-04-06 20:35:14.560,-6.0292,130.4296,118.0,5.5,mww,USGS/US,"261 km W of Tual, Indonesia"
USGS_us100079g9,Z7,Sulawesi - Molucca Sea - Banda Arc,2016-11-17 16:56:44.290,-6.2582,130.4786,112.15,5.5,mww,USGS/US,"261 km WSW of Tual, Indonesia"
USGS_us10008dhp,Z7,Sulawesi - Molucca Sea - Banda Arc,2017-03-31 11:21:01.040,0.3086,120.5802,94.0,5.5,mww,USGS/US,"156 km NNE of Palu, Indonesia"
USGS_us20009zyk,Z7,Sulawesi - Molucca Sea - Banda Arc,2017-07-23 07:55:55.780,0.3096,120.2036,67.0,5.5,mww,USGS/US,"139 km NNE of Palu, Indonesia"
USGS_us2000a9k7,Z7,Sulawesi - Molucca Sea - Banda Arc,2017-08-18 21:00:49.210,-6.2578,128.0493,13.7,5.5,mww,USGS/US,"275 km NNE of Lospalos, Timor Leste"
USGS_us1000awna,Z7,Sulawesi - Molucca Sea - Banda Arc,2017-10-25 11:58:14.770,-4.8552,131.0906,41.82,5.5,mww,USGS/US,"203 km WNW of Tual, Indonesia"
USGS_us1000bj4z,Z7,Sulawesi - Molucca Sea - Banda Arc,2017-11-29 23:53:50.300,-6.7362,129.7816,157.0,5.5,mww,USGS/US,Banda Sea
USGS_us1000bms0,Z7,Sulawesi - Molucca Sea - Banda Arc,2017-12-06 16:06:56.990,-0.6299,123.6681,28.0,5.5,mww,USGS/US,"104 km ENE of Luwuk, Indonesia"
USGS_us1000ce2h,Z7,Sulawesi - Molucca Sea - Banda Arc,2018-02-02 00:20:42.210,-0.2471,125.1824,38.0,5.5,mww,USGS/US,"174 km S of Tondano, Indonesia"
USGS_us1000ddj5,Z7,Sulawesi - Molucca Sea - Banda Arc,2018-04-03 09:14:06.470,3.0594,127.9812,62.9,5.5,mww,USGS/US,"147 km N of Tobelo, Indonesia"
USGS_us2000e1b6,Z7,Sulawesi - Molucca Sea - Banda Arc,2018-04-17 02:52:35.330,-3.5216,131.3032,10.0,5.5,mww,USGS/US,"265 km E of Amahai, Indonesia"
USGS_us1000hrxp,Z7,Sulawesi - Molucca Sea - Banda Arc,2018-11-14 23:01:21.840,-2.9068,119.3922,14.01,5.5,mww,USGS/US,"56 km W of Rantepao, Indonesia"
USGS_us1000i16h,Z7,Sulawesi - Molucca Sea - Banda Arc,2018-12-03 14:00:07.530,-7.3617,128.7477,131.0,5.5,mww,USGS/US,"231 km ENE of Lospalos, Timor Leste"
USGS_us1000i1qd,Z7,Sulawesi - Molucca Sea - Banda Arc,2018-12-04 06:52:58.300,2.3784,126.8469,36.76,5.5,mww,USGS/US,"147 km WNW of Tobelo, Indonesia"
USGS_us2000j4gj,Z7,Sulawesi - Molucca Sea - Banda Arc,2019-01-16 10:49:27.270,3.4827,128.6337,11.0,5.5,mww,USGS/US,"206 km NNE of Tobelo, Indonesia"
USGS_us2000jkcy,Z7,Sulawesi - Molucca Sea - Banda Arc,2019-02-20 00:10:38.760,0.7627,126.1896,28.33,5.5,mww,USGS/US,"133 km W of Ternate, Indonesia"
USGS_us1000jkv5,Z7,Sulawesi - Molucca Sea - Banda Arc,2019-03-24 01:32:00.219,-1.8703,120.5238,10.0,5.5,mww,USGS/US,"58 km SSW of Poso, Indonesia"
USGS_us70003xr9,Z7,Sulawesi - Molucca Sea - Banda Arc,2019-06-10 16:59:18.526,-6.5763,131.8558,61.0,5.5,mww,USGS/US,"144 km SW of Tual, Indonesia"
USGS_us70005lg7,Z7,Sulawesi - Molucca Sea - Banda Arc,2019-09-26 00:39:59.361,-3.6266,128.4155,10.0,5.5,mww,USGS/US,"26 km ENE of Ambon, Indonesia"
USGS_us60006bse,Z7,Sulawesi - Molucca Sea - Banda Arc,2019-11-14 23:17:20.204,1.5819,126.3309,24.57,5.5,mww,USGS/US,"146 km NW of Ternate, Indonesia"
USGS_us600085g3,Z7,Sulawesi - Molucca Sea - Banda Arc,2020-02-27 19:13:02.974,3.7953,125.7576,122.0,5.5,mww,USGS/US,"180 km S of Sarangani, Philippines"
USGS_us7000bpbx,Z7,Sulawesi - Molucca Sea - Banda Arc,2020-09-17 10:32:25.906,-6.7598,129.3659,185.0,5.5,mww,USGS/US,Banda Sea
USGS_us7000e2k1,Z7,Sulawesi - Molucca Sea - Banda Arc,2021-05-12 18:20:27.994,3.9581,128.6424,47.56,5.5,mww,USGS/US,"256 km NNE of Tobelo, Indonesia"
USGS_us7000e5eu,Z7,Sulawesi - Molucca Sea - Banda Arc,2021-05-23 02:02:08.018,4.9536,127.5262,83.0,5.5,mww,USGS/US,"215 km SE of Pondaguitan, Philippines"
USGS_us6000etxn,Z7,Sulawesi - Molucca Sea - Banda Arc,2021-07-10 00:51:08.753,2.9677,126.5601,42.57,5.5,mb,USGS/US,"211 km NW of Tobelo, Indonesia"
USGS_us6000fuke,Z7,Sulawesi - Molucca Sea - Banda Arc,2021-10-14 15:16:29.752,1.2369,126.1559,41.0,5.5,mww,USGS/US,"134 km ESE of Laikit, Laikit II (Dimembe), Indonesia"
USGS_us7000g7yh,Z7,Sulawesi - Molucca Sea - Banda Arc,2021-12-30 13:13:17.562,-0.0798,125.2498,42.0,5.5,mww,USGS/US,"157 km SSE of Tondano, Indonesia"
USGS_us6000ibtm,Z7,Sulawesi - Molucca Sea - Banda Arc,2022-08-18 07:46:27.625,0.3574,124.3718,173.104,5.5,mww,USGS/US,"Minahasa, Sulawesi, Indonesia"
USGS_us7000j56g,Z7,Sulawesi - Molucca Sea - Banda Arc,2023-01-18 08:01:26.536,2.6982,127.1349,50.394,5.5,mb,USGS/US,"144 km NW of Tobelo, Indonesia"
USGS_us6000jirz,Z7,Sulawesi - Molucca Sea - Banda Arc,2023-01-23 18:17:34.706,2.8202,127.0015,9.735,5.5,mww,USGS/US,"164 km NW of Tobelo, Indonesia"
USGS_us6000jrtm,Z7,Sulawesi - Molucca Sea - Banda Arc,2023-02-27 01:26:05.799,-1.614,120.2491,38.883,5.5,mww,USGS/US,"60 km WSW of Poso, Indonesia"
USGS_us6000k1ki,Z7,Sulawesi - Molucca Sea - Banda Arc,2023-04-02 19:32:25.538,6.4308,115.8339,618.672,5.5,mb,USGS/US,"56 km NNW of Kota Kinabalu, Malaysia"
USGS_us6000k6c4,Z7,Sulawesi - Molucca Sea - Banda Arc,2023-04-22 09:15:53.309,-5.3494,125.6371,13.712,5.5,mww,USGS/US,Banda Sea
USGS_us7000jws2,Z7,Sulawesi - Molucca Sea - Banda Arc,2023-04-28 18:12:51.350,-4.7811,133.9484,10.0,5.5,mww,USGS/US,"162 km NE of Tual, Indonesia"
USGS_us7000l6fd,Z7,Sulawesi - Molucca Sea - Banda Arc,2023-10-26 05:44:18.158,-7.1498,129.2243,154.0,5.5,mww,USGS/US,"288 km ENE of Lospalos, Timor Leste"
USGS_us7000lfcp,Z7,Sulawesi - Molucca Sea - Banda Arc,2023-12-02 12:01:00.815,-7.0345,129.6876,117.236,5.5,mww,USGS/US,"Kepulauan Babar, Indonesia"
USGS_us7000mc4q,Z7,Sulawesi - Molucca Sea - Banda Arc,2024-04-09 00:04:05.827,-1.585,134.4849,10.0,5.5,mb,USGS/US,"35 km ESE of Ransiki, Indonesia"
USGS_us6000mwkd,Z7,Sulawesi - Molucca Sea - Banda Arc,2024-05-05 20:37:11.921,-3.3053,130.9364,10.0,5.5,mww,USGS/US,"157 km WSW of Fakfak, Indonesia"
USGS_us6000mze2,Z7,Sulawesi - Molucca Sea - Banda Arc,2024-05-18 06:26:09.996,3.838,122.9135,524.072,5.5,mww,USGS/US,"267 km SSE of Tabiauan, Philippines"
USGS_us6000nfw2,Z7,Sulawesi - Molucca Sea - Banda Arc,2024-07-25 20:32:17.453,-7.3691,128.681,144.012,5.5,mww,USGS/US,"225 km NE of Lospalos, Timor Leste"
USGS_us7000ne1t,Z7,Sulawesi - Molucca Sea - Banda Arc,2024-09-15 13:08:08.287,1.3429,118.4805,6.526,5.5,mww,USGS/US,"173 km NE of Bontang, Indonesia"
USGS_us7000nwmn,Z7,Sulawesi - Molucca Sea - Banda Arc,2024-12-06 17:15:00.515,1.5039,121.1742,32.854,5.5,mww,USGS/US,"235 km WNW of Gorontalo, Indonesia"
USGS_us7000nz8f,Z7,Sulawesi - Molucca Sea - Banda Arc,2024-12-16 10:14:44.155,-3.8297,129.3035,24.808,5.5,mww,USGS/US,"68 km SE of Amahai, Indonesia"
USGS_us7000pbdp,Z7,Sulawesi - Molucca Sea - Banda Arc,2025-02-05 03:12:30.192,1.6173,127.118,99.0,5.5,mww,USGS/US,"96 km NNW of Ternate, Indonesia"
USGS_us6000q6n2,Z7,Sulawesi - Molucca Sea - Banda Arc,2025-04-17 00:51:24.547,0.3501,124.8572,21.676,5.5,mww,USGS/US,"48 km ESE of Modisi, Indonesia"
USGS_us6000qulb,Z7,Sulawesi - Molucca Sea - Banda Arc,2025-07-24 13:06:57.472,-1.9763,120.7566,10.0,5.5,mww,USGS/US,"64 km S of Poso, Indonesia"
USGS_us6000r1qp,Z7,Sulawesi - Molucca Sea - Banda Arc,2025-08-17 15:03:12.628,2.1675,127.1307,20.1,5.5,mww,USGS/US,"109 km WNW of Tobelo, Indonesia"
USGS_us6000rwbl,Z7,Sulawesi - Molucca Sea - Banda Arc,2025-12-21 12:21:45.837,1.4457,126.392,44.0,5.5,mww,USGS/US,"132 km WNW of Ternate, Indonesia"
USGS_us6000s52c,Z7,Sulawesi - Molucca Sea - Banda Arc,2026-01-10 15:06:51.094,3.6285,126.9375,57.236,5.5,mb,USGS/US,"241 km NNW of Tobelo, Indonesia"
USGS_us6000sa2c,Z7,Sulawesi - Molucca Sea - Banda Arc,2026-02-19 00:26:17.365,1.3768,122.081,33.861,5.5,mww,USGS/US,"143 km NW of Gorontalo, Indonesia"
USGS_us6000slue,Z7,Sulawesi - Molucca Sea - Banda Arc,2026-04-01 23:13:28.831,1.1323,126.1307,35.0,5.5,mb,USGS/US,"116 km ESE of Bitung, Indonesia"
USGS_us6000sm9y,Z7,Sulawesi - Molucca Sea - Banda Arc,2026-04-03 03:37:16.194,0.8485,126.3736,35.0,5.5,mww,USGS/US,"112 km W of Ternate, Indonesia"
USGS_us6000t04f,Z7,Sulawesi - Molucca Sea - Banda Arc,2026-05-25 20:39:22.165,1.0753,126.0835,45.331,5.5,mww,USGS/US,"113 km ESE of Bitung, Indonesia"
USGS_us6000tn33,Z7,Sulawesi - Molucca Sea - Banda Arc,2026-08-24 10:02:58.888,-5.0525,129.6871,10.0,5.5,mww,USGS/US,"207 km SSE of Amahai, Indonesia"
